n_plus,n_minus,n_target,pi_target,pi,var_n,var,seed,gamma
250,250,100.0,0.75,0.699620242551514,0.019403219933765023,0.3880643986753004,0.0,0.06753006190943435
250,250,200.0,0.75,0.6873673541455467,0.013178362236603045,0.5271344894641218,0.0,0.031826123862061746
250,250,300.0,0.75,0.6375165814864919,0.005755739107963211,0.34534434647779266,0.0,0.03153742088098113
250,250,400.0,0.75,0.6381125219255441,0.004304877191335327,0.34439017530682614,0.0,0.05174531527283962
250,250,500.0,0.75,0.6724576315211879,0.003829927143288027,0.3829927143288027,0.0,0.05269158156481512
250,250,100.0,0.75,0.7903377803681434,0.01547809498900072,0.30956189978001436,1.0,0.06983769384205377
250,250,200.0,0.75,0.813818106684702,0.011711223849503523,0.4684489539801409,1.0,0.0308384205413482
250,250,300.0,0.75,0.8269687032167753,0.0075728731838088145,0.4543723910285289,1.0,0.03069235326536979
250,250,400.0,0.75,0.7969977330957576,0.005749398867780611,0.4599519094224488,1.0,0.03056874289834313
250,250,500.0,0.75,0.7850788826110559,0.004458419715098744,0.44584197150987437,1.0,0.029904637195526128
250,250,100.0,0.75,0.7638458361125403,0.01347382753107574,0.26947655062151477,2.0,0.029791387371927977
250,250,200.0,0.75,0.8417202236910688,0.007839390969287248,0.3135756387714899,2.0,0.027456878729860742
250,250,300.0,0.75,0.6964583355261486,0.0038852127164288163,0.23311276298572897,2.0,0.059641098278654714
250,250,400.0,0.75,0.7151154520539493,0.003401438310983433,0.27211506487867465,2.0,0.06817439267821188
250,250,500.0,0.75,0.706491940232301,0.003016153406770146,0.30161534067701457,2.0,0.10837825513767255
250,250,100.0,0.75,0.6257942143627653,0.030934297505479186,0.6186859501095837,3.0,0.032074655411524836
250,250,200.0,0.75,0.6969729434804635,0.02201463298782806,0.8805853195131225,3.0,0.033674311511048625
250,250,300.0,0.75,0.6831271355254062,0.011943322026952124,0.7165993216171275,3.0,0.039281900678302534
250,250,400.0,0.75,0.7262080515592857,0.009347721287129082,0.7478177029703266,3.0,0.032685168236907106
250,250,500.0,0.75,0.7012006462890857,0.005390975478961735,0.5390975478961735,3.0,0.037739700352834006
250,250,100.0,0.75,0.5932564467584093,0.01597762956094954,0.3195525912189908,4.0,0.03543577588202929
250,250,200.0,0.75,0.7576229548983682,0.01497479633935828,0.5989918535743312,4.0,0.07103662421657733
250,250,300.0,0.75,0.7676796668392085,0.00853461146266782,0.5120766877600692,4.0,0.0717755579166033
250,250,400.0,0.75,0.7089733876165504,0.0054759271118767425,0.43807416895013934,4.0,0.07411351719474547
250,250,500.0,0.75,0.6940535332119583,0.0040616320103715785,0.40616320103715786,4.0,0.05212486438255769
250,250,100.0,0.75,0.8798147889464717,0.02879911149324136,0.5759822298648272,5.0,0.03492778952026648
250,250,200.0,0.75,0.6883803503418029,0.008227338167792224,0.3290935267116889,5.0,0.03300472428638723
250,250,300.0,0.75,0.737363406324855,0.0053360065365375365,0.3201603921922522,5.0,0.032103023164409605
250,250,400.0,0.75,0.7748123088891968,0.005245841238151377,0.41966729905211014,5.0,0.03167920021257304
250,250,500.0,0.75,0.8078922188910169,0.0044173329842890135,0.44173329842890136,5.0,0.04261680085521505
250,250,100.0,0.75,0.7713730274106598,0.019109730337281975,0.3821946067456395,6.0,0.03332907345906869
250,250,200.0,0.75,0.570986869885676,0.009553626704613263,0.3821450681845305,6.0,0.05058622024881202
250,250,300.0,0.75,0.7071607301864415,0.006029494406436859,0.36176966438621155,6.0,0.07207377845053603
250,250,400.0,0.75,0.7133723051419378,0.004386581291542486,0.35092650332339886,6.0,0.05132069244792166
250,250,500.0,0.75,0.6247110226163792,0.0033253055199197698,0.33253055199197695,6.0,0.05182771608234861
250,250,100.0,0.75,0.7030528395139807,0.024110905558835306,0.4822181111767061,7.0,0.027374981878136872
250,250,200.0,0.75,0.7536483496502104,0.0051084844737339374,0.2043393789493575,7.0,0.1019871344507962
250,250,300.0,0.75,0.7215245902991818,0.004501625812349062,0.2700975487409437,7.0,0.04157054777124625
250,250,400.0,0.75,0.7494320212532251,0.0038496453581051645,0.30797162864841315,7.0,0.07197085231907308
250,250,500.0,0.75,0.7686877394777367,0.0035524581712272573,0.35524581712272574,7.0,0.0521396403290165
250,250,100.0,0.75,0.5720067127851934,0.02782066750249599,0.5564133500499198,8.0,0.031285427947780026
250,250,200.0,0.75,0.8154440895648766,0.01506328358224603,0.6025313432898411,8.0,0.04936174093292952
250,250,300.0,0.75,0.8068459289372014,0.012334283308861556,0.7400569985316934,8.0,0.028172763996089572
250,250,400.0,0.75,0.7917448498234222,0.006557444005935595,0.5245955204748476,8.0,0.029155430032475445
250,250,500.0,0.75,0.7752127986891825,0.005103845446474953,0.5103845446474953,8.0,0.03182969763178495
250,250,100.0,0.75,0.8563456414335328,0.030111194276643657,0.6022238855328731,9.0,0.0269103798718692
250,250,200.0,0.75,0.8164769365764711,0.014594041298887434,0.5837616519554973,9.0,0.03244604791178725
250,250,300.0,0.75,0.8149599554276842,0.010540825994989182,0.6324495596993509,9.0,0.031943498717056255
250,250,400.0,0.75,0.7641278197402606,0.008299506270588224,0.6639605016470579,9.0,0.03238212406671092
250,250,500.0,0.75,0.7247101193205348,0.007005166460764679,0.7005166460764679,9.0,0.032586756637542076
250,250,100.0,0.75,0.9068626252263198,0.0315801455970292,0.631602911940584,10.0,0.038447173303840565
250,250,200.0,0.75,0.7231697874075356,0.015633984846552648,0.6253593938621058,10.0,0.033861877523793854
250,250,300.0,0.75,0.7351274206146691,0.008241228621557913,0.4944737172934747,10.0,0.034012265657486454
250,250,400.0,0.75,0.7156965211975048,0.004796658149394527,0.38373265195156214,10.0,0.05476097698523613
250,250,500.0,0.75,0.7658256302207985,0.0038717057577378716,0.38717057577378716,10.0,0.06808271950509537
250,250,100.0,0.75,0.8769559263466904,0.02230966247421446,0.4461932494842892,11.0,0.027385554618958877
250,250,200.0,0.75,0.6278617378231766,0.009115946310632802,0.3646378524253121,11.0,0.029454530289744478
250,250,300.0,0.75,0.7606027103655107,0.0066001175174833756,0.3960070510490025,11.0,0.03018390447652919
250,250,400.0,0.75,0.7823093637724987,0.005051394965255881,0.40411159722047046,11.0,0.030412265240124057
250,250,500.0,0.75,0.7576910960349041,0.004004640589287054,0.40046405892870546,11.0,0.03097692912871486
250,250,100.0,0.75,0.6340064755140478,0.02267752470145951,0.4535504940291902,12.0,0.06832520625772408
250,250,200.0,0.75,0.7120351919245497,0.007384598524162395,0.2953839409664958,12.0,0.10467474119026848
250,250,300.0,0.75,0.7517423609699961,0.005914699180677829,0.35488195084066976,12.0,0.0512838288380974
250,250,400.0,0.75,0.7620361300038859,0.0056486249985225265,0.45188999988180206,12.0,0.05128242070303705
250,250,500.0,0.75,0.716861441544997,0.004229375731263084,0.42293757312630836,12.0,0.0364425252125819
250,250,100.0,0.75,0.5999657867082673,0.007979424510617067,0.15958849021234134,13.0,0.053101716717969885
250,250,200.0,0.75,0.7167440762882886,0.005759475071935676,0.23037900287742702,13.0,0.11352471179698517
250,250,300.0,0.75,0.6905344915494986,0.004953547697194593,0.29721286183167556,13.0,0.1119818071392021
250,250,400.0,0.75,0.6557981113692193,0.0037642139111775615,0.3011371128942049,13.0,0.10779322838539872
250,250,500.0,0.75,0.6863031373893558,0.0035588392463503133,0.3558839246350313,13.0,0.10884011144052474
250,250,100.0,0.75,0.6770898534411999,0.009773340468523387,0.19546680937046773,14.0,0.039896512627986144
250,250,200.0,0.75,0.6388978244519071,0.005832939025742792,0.23331756102971168,14.0,0.02553296157032078
250,250,300.0,0.75,0.5989918721655927,0.004350248955619425,0.2610149373371655,14.0,0.027621168570740925
250,250,400.0,0.75,0.6384905285957871,0.0030301090111819655,0.24240872089455723,14.0,0.028434246856898437
250,250,500.0,0.75,0.678759825944902,0.002898033225541796,0.2898033225541796,14.0,0.02906418826062017
250,250,100.0,0.75,0.6804451244136834,0.01726006944673357,0.3452013889346714,15.0,0.031819023025281605
250,250,200.0,0.75,0.7407538895719711,0.009144461811048384,0.36577847244193534,15.0,0.03805132745743266
250,250,300.0,0.75,0.6995148944781716,0.005256368586106588,0.31538211516639525,15.0,0.04815605758947832
250,250,400.0,0.75,0.7319805021399104,0.0038125580189164246,0.30500464151331397,15.0,0.030104091501295602
250,250,500.0,0.75,0.7633209718480485,0.0035849748343391575,0.35849748343391574,15.0,0.029850389787268977
250,250,100.0,0.75,0.6497550017708047,0.03992047058381249,0.7984094116762498,16.0,0.029462849927918432
250,250,200.0,0.75,0.7472275242109176,0.010214646062559283,0.4085858425023713,16.0,0.03567654270300458
250,250,300.0,0.75,0.698698469314644,0.007083672971613005,0.42502037829678035,16.0,0.07648041810988696
250,250,400.0,0.75,0.6930142882800078,0.005256439853621485,0.4205151882897188,16.0,0.1109057125095392
250,250,500.0,0.75,0.6769732995914467,0.0038544026023772317,0.38544026023772315,16.0,0.06717524997151568
250,250,100.0,0.75,0.9350593404304944,0.03200495974361756,0.6400991948723512,17.0,0.031650017872447256
250,250,200.0,0.75,0.6714374540277941,0.010038286015447977,0.40153144061791907,17.0,0.029792491736939247
250,250,300.0,0.75,0.6987719743336844,0.00846924748132798,0.5081548488796788,17.0,0.029883282253447677
250,250,400.0,0.75,0.7287064577448861,0.005734432090600445,0.45875456724803554,17.0,0.030646174446655246
250,250,500.0,0.75,0.7556969424943186,0.004822072320826392,0.48220723208263916,17.0,0.0300479778746413
250,250,100.0,0.75,1.0,0.09715885220196463,1.9431770440392924,18.0,0.06900143705390493
250,250,200.0,0.75,0.8763689624579477,0.014013176005249296,0.5605270402099718,18.0,0.028638338345272626
250,250,300.0,0.75,0.7156609790313971,0.008078057641540367,0.48468345849242206,18.0,0.030167360559100152
250,250,400.0,0.75,0.7316897633990102,0.00649556603316336,0.5196452826530688,18.0,0.030617621676356413
250,250,500.0,0.75,0.7647555607318414,0.005557113193508886,0.5557113193508886,18.0,0.03146838435624964
250,250,100.0,0.75,0.8821000156153095,0.02931889578245102,0.5863779156490204,19.0,0.03776228262839701
250,250,200.0,0.75,0.710369283843075,0.009071332543188211,0.36285330172752844,19.0,0.02703248898439196
250,250,300.0,0.75,0.6856309554211867,0.005326556261566133,0.319593375693968,19.0,0.027996670892068837
250,250,400.0,0.75,0.697776996740674,0.004470182544315069,0.3576146035452055,19.0,0.02921156866525108
250,250,500.0,0.75,0.6731626620869684,0.00373301109955951,0.373301109955951,19.0,0.028513543427822956
250,250,100.0,0.75,0.529911555169468,0.0331336022634788,0.6626720452695759,20.0,0.030927465378013632
250,250,200.0,0.75,0.8019228036453637,0.013192820989565542,0.5277128395826216,20.0,0.03217651091806742
250,250,300.0,0.75,0.7697864788598765,0.007472445493364958,0.4483467296018975,20.0,0.030900760702883473
250,250,400.0,0.75,0.7182974595186211,0.0053626714265747125,0.42901371412597694,20.0,0.03129524085611233
250,250,500.0,0.75,0.6952549867927881,0.003908500626904516,0.3908500626904516,20.0,0.030878476943243353
250,250,100.0,0.75,0.719717627382505,0.018433558481350625,0.36867116962701246,21.0,0.04589726585163538
250,250,200.0,0.75,0.7583256514475422,0.014700927693922623,0.5880371077569049,21.0,0.07410416826721421
250,250,300.0,0.75,0.7556192791732145,0.007537628248868011,0.4522576949320806,21.0,0.0717585421135672
250,250,400.0,0.75,0.7104065196231719,0.005135738636460785,0.4108590909168628,21.0,0.050373613875822225
250,250,500.0,0.75,0.7269883758397093,0.00425335646671994,0.425335646671994,21.0,0.030618031515902124
250,250,100.0,0.75,0.7362388342937245,0.01926072029822693,0.3852144059645386,22.0,0.045917792709168764
250,250,200.0,0.75,0.811660322386239,0.03383182334086087,1.3532729336344347,22.0,0.07244332469358275
250,250,300.0,0.75,0.7126254410843633,0.010276117911297351,0.6165670746778411,22.0,0.031011723490531284
250,250,400.0,0.75,0.7256526272750536,0.005644768812734129,0.4515815050187303,22.0,0.06866117826484003
250,250,500.0,0.75,0.7252422339714193,0.00457414312924858,0.457414312924858,22.0,0.10603331248029799
250,250,100.0,0.75,0.7930961154898685,0.022670345741241146,0.4534069148248229,23.0,0.053756652366758244
250,250,200.0,0.75,0.6962968424730457,0.00544469868216797,0.2177879472867188,23.0,0.052171656053023686
250,250,300.0,0.75,0.7292612585468135,0.0039598354487604,0.23759012692562398,23.0,0.05071856618801215
250,250,400.0,0.75,0.6704861985301112,0.002990938071764376,0.23927504574115005,23.0,0.07094659743662246
250,250,500.0,0.75,0.6934336765071594,0.002531405665438169,0.2531405665438169,23.0,0.06832126918540629
250,250,100.0,0.75,0.34534326735588433,0.02644360949666258,0.5288721899332516,24.0,0.046160879811565664
250,250,200.0,0.75,0.6270765956629716,0.008439109116517669,0.3375643646607067,24.0,0.03169739944400015
250,250,300.0,0.75,0.6400799707982104,0.007576843902485869,0.45461063414915215,24.0,0.029124812441744266
250,250,400.0,0.75,0.6606086460193996,0.005168550680785171,0.41348405446281367,24.0,0.028334424685351627
250,250,500.0,0.75,0.6498190964323444,0.0035050056296629857,0.35050056296629856,24.0,0.02915351645063565
250,250,100.0,0.75,0.5670412035951629,0.028420611166323995,0.5684122233264799,25.0,0.030790766303335094
250,250,200.0,0.75,0.7473653560160874,0.013287042776045595,0.5314817110418237,25.0,0.029250443553200424
250,250,300.0,0.75,0.727986005543652,0.008774902075598218,0.5264941245358931,25.0,0.030606351703540237
250,250,400.0,0.75,0.8239500490425273,0.007271793656783556,0.5817434925426844,25.0,0.04139840500952751
250,250,500.0,0.75,0.8011668664901829,0.005060352370423948,0.5060352370423948,25.0,0.03311580505393236
250,250,100.0,0.75,0.6762949244295181,0.03563092675641386,0.7126185351282772,26.0,0.07068107614259359
250,250,200.0,0.75,0.617529919082334,0.008950189924993494,0.3580075969997398,26.0,0.05035031966614279
250,250,300.0,0.75,0.685330064618658,0.006132664004078401,0.3679598402447041,26.0,0.03690381200722217
250,250,400.0,0.75,0.6728574331737701,0.004634192727683674,0.3707354182146939,26.0,0.031052423253397757
250,250,500.0,0.75,0.7370805564434691,0.0036977363211053104,0.36977363211053105,26.0,0.029718689633114415
250,250,100.0,0.75,0.916263612739501,0.0384574507676193,0.7691490153523859,27.0,0.06639099407973613
250,250,200.0,0.75,0.7842771828072203,0.011810296703117654,0.47241186812470615,27.0,0.03056242952509726
250,250,300.0,0.75,0.7745946918437141,0.007527097516740032,0.4516258510044019,27.0,0.029587441059981436
250,250,400.0,0.75,0.7138657654762294,0.005074568329808164,0.4059654663846531,27.0,0.04921603276482826
250,250,500.0,0.75,0.7021382857245515,0.0040989215695292,0.40989215695292,27.0,0.041644758913483126
250,250,100.0,0.75,0.8748437445187701,0.022972405347360548,0.45944810694721094,28.0,0.03345135387341651
250,250,200.0,0.75,0.803321007670776,0.011578902083374457,0.46315608333497826,28.0,0.0723614724140725
250,250,300.0,0.75,0.7749255074495683,0.006201425835996277,0.3720855501597766,28.0,0.037327617549820793
250,250,400.0,0.75,0.7932799813923028,0.005464395634159581,0.43715165073276646,28.0,0.03307913815588896
250,250,500.0,0.75,0.8185152490316457,0.004286163985252179,0.4286163985252179,28.0,0.036788564236309905
250,250,100.0,0.75,0.7883859291166841,0.021992122032133514,0.43984244064267025,29.0,0.03141032253997144
250,250,200.0,0.75,0.9470839897773816,0.013597651617941953,0.5439060647176781,29.0,0.11264381432450223
250,250,300.0,0.75,0.7822001285958207,0.007524920286599904,0.4514952171959942,29.0,0.050792913613097436
250,250,400.0,0.75,0.7310931683103488,0.00592907969859985,0.474326375887988,29.0,0.050664379849296
250,250,500.0,0.75,0.7595136440591377,0.0047274203747468355,0.4727420374746836,29.0,0.0513463924670007
250,250,100.0,0.75,0.7327115359404759,0.017165199291286053,0.343303985825721,30.0,0.03331023772095187
250,250,200.0,0.75,0.7151534250518905,0.008972561017968055,0.3589024407187222,30.0,0.0679029876239676
250,250,300.0,0.75,0.781765062306718,0.008146124460899871,0.4887674676539923,30.0,0.03708652145129487
250,250,400.0,0.75,0.836799328759032,0.007159389476663752,0.5727511581331002,30.0,0.0426144274502976
250,250,500.0,0.75,0.7588317549253888,0.004835789546589845,0.48357895465898443,30.0,0.03077565869712166
250,250,100.0,0.75,0.6387737890937555,0.01901981888472082,0.38039637769441637,31.0,0.03131839874634453
250,250,200.0,0.75,0.6548323256548553,0.007351201553449526,0.294048062137981,31.0,0.10896544747752959
250,250,300.0,0.75,0.6608957576965412,0.005275356852218703,0.31652141113312215,31.0,0.07233280370951553
250,250,400.0,0.75,0.6814849746194792,0.0047508853728284615,0.3800708298262769,31.0,0.07357058571221806
250,250,500.0,0.75,0.7574567946215218,0.004766396495856054,0.4766396495856054,31.0,0.11162886600524254
250,250,100.0,0.75,0.6910046126777695,0.01756169605394816,0.3512339210789632,32.0,0.10689120254044973
250,250,200.0,0.75,0.9245181313216269,0.0182484439560282,0.7299377582411279,32.0,0.034209847831806334
250,250,300.0,0.75,0.7893915486569563,0.009866261999162797,0.5919757199497678,32.0,0.031835658274972645
250,250,400.0,0.75,0.7344891648541572,0.006566868026818264,0.5253494421454611,32.0,0.032345836554463485
250,250,500.0,0.75,0.6919552452398103,0.004919355485899894,0.4919355485899894,32.0,0.03292913416985122
250,250,100.0,0.75,0.7294414032951689,0.02448862502944305,0.48977250058886096,33.0,0.028146364525228455
250,250,200.0,0.75,0.6961282018079527,0.011156955648695586,0.4462782259478234,33.0,0.029771637781932658
250,250,300.0,0.75,0.7621059176381871,0.006903364496910465,0.4142018698146279,33.0,0.02984163097371474
250,250,400.0,0.75,0.7584937316886581,0.005283305465032016,0.42266443720256125,33.0,0.0348560389784897
250,250,500.0,0.75,0.7596926101482064,0.003890326871701171,0.3890326871701171,33.0,0.041279935867553304
250,250,100.0,0.75,0.9409409919182485,0.029390055430959062,0.5878011086191812,34.0,0.02924793907392886
250,250,200.0,0.75,0.7788664505358763,0.0071106850933258725,0.2844274037330349,34.0,0.05211964117910071
250,250,300.0,0.75,0.7323296831134919,0.004903252530765337,0.29419515184592027,34.0,0.05346108680074036
250,250,400.0,0.75,0.7448413124786813,0.00426776968969178,0.3414215751753424,34.0,0.04491549507047692
250,250,500.0,0.75,0.7695740671226592,0.003813581504568703,0.3813581504568703,34.0,0.05310686690443467
250,250,100.0,0.75,0.6974129822655653,0.015968429523749224,0.31936859047498445,35.0,0.041833966600374535
250,250,200.0,0.75,0.7491611010683686,0.010525537053862576,0.42102148215450297,35.0,0.04781871031436423
250,250,300.0,0.75,0.6535479455003875,0.0063113153797764495,0.378678922786587,35.0,0.04153351178974123
250,250,400.0,0.75,0.6952928885801314,0.004266339803685745,0.34130718429485957,35.0,0.035626926103059675
250,250,500.0,0.75,0.6859462557304636,0.003268670792056736,0.3268670792056736,35.0,0.03619920682034568
250,250,100.0,0.75,0.569918622699862,0.016367390084874058,0.3273478016974811,36.0,0.052858839489283875
250,250,200.0,0.75,0.7202704796067988,0.010562569151452672,0.4225027660581069,36.0,0.0315548457040406
250,250,300.0,0.75,0.6951798065027733,0.006464109570640945,0.3878465742384567,36.0,0.030071873913145242
250,250,400.0,0.75,0.7063884459396672,0.004408860387715568,0.35270883101724537,36.0,0.028474258344348375
250,250,500.0,0.75,0.7462391509715757,0.003573200722913103,0.3573200722913103,36.0,0.029280370844122917
250,250,100.0,0.75,0.7309195287907854,0.02770267656938809,0.5540535313877618,37.0,0.027517474949160136
250,250,200.0,0.75,0.6291236981198477,0.015218256222015442,0.6087302488806177,37.0,0.030158682674010055
250,250,300.0,0.75,0.681313753568221,0.008589778760983935,0.5153867256590361,37.0,0.030672810996653057
250,250,400.0,0.75,0.7051390031832265,0.006213732735893688,0.497098618871495,37.0,0.031598528502316474
250,250,500.0,0.75,0.7879528053453391,0.005278335985204576,0.5278335985204576,37.0,0.03257267686626661
250,250,100.0,0.75,0.6464513719224256,0.03725565267039826,0.7451130534079652,38.0,0.03008227197028199
250,250,200.0,0.75,0.9005358353492503,0.027917851264479272,1.1167140505791708,38.0,0.10788455725460981
250,250,300.0,0.75,0.7846134562160821,0.012063051981649404,0.7237831188989643,38.0,0.18068330973813296
250,250,400.0,0.75,0.7497585280691903,0.008069726867273926,0.645578149381914,38.0,0.18287616292274128
250,250,500.0,0.75,0.7277013234215672,0.0066362699599596285,0.6636269959959629,38.0,0.18437148652399243
250,250,100.0,0.75,0.8621327286490952,0.026292668307533282,0.5258533661506656,39.0,0.11174151039972612
250,250,200.0,0.75,0.6624649246091111,0.007889713999013831,0.31558855996055324,39.0,0.026821815877570376
250,250,300.0,0.75,0.681954816357047,0.005667278366849256,0.34003670201095537,39.0,0.02828835456756091
250,250,400.0,0.75,0.7222943832894835,0.004453756674597408,0.3563005339677926,39.0,0.028961039357453436
250,250,500.0,0.75,0.7069962271835588,0.003388495384335372,0.3388495384335372,39.0,0.0293864886983112
250,250,100.0,0.75,0.667600275249779,0.018120169849460695,0.36240339698921387,40.0,0.029995691588246217
250,250,200.0,0.75,0.7037114683969374,0.009874883062227354,0.39499532248909414,40.0,0.030750473714015486
250,250,300.0,0.75,0.7342084041466405,0.007309493733965205,0.4385696240379123,40.0,0.03068772849887549
250,250,400.0,0.75,0.7466666037351061,0.006781284994736599,0.5425027995789279,40.0,0.030317799343298313
250,250,500.0,0.75,0.743090392092662,0.004942382875485182,0.49423828754851823,40.0,0.03038731048892779
250,250,100.0,0.75,0.5902117819192608,0.01178855145847215,0.235771029169443,41.0,0.029537186461998755
250,250,200.0,0.75,0.5432741474950424,0.011685553325924154,0.4674221330369661,41.0,0.0331592120264919
250,250,300.0,0.75,0.6345279082909635,0.006589666107179936,0.39537996643079615,41.0,0.031296446305415275
250,250,400.0,0.75,0.6462923825186004,0.005754587830523986,0.46036702644191885,41.0,0.031045404162906735
250,250,500.0,0.75,0.6491560961462345,0.004285824247204775,0.4285824247204775,41.0,0.031158600299064483
250,250,100.0,0.75,0.9169921100301891,0.04112675646467201,0.8225351292934402,42.0,0.032908440970040996
250,250,200.0,0.75,0.7958368044213519,0.011522435194419037,0.46089740777676147,42.0,0.0443109173310215
250,250,300.0,0.75,0.7569223585655488,0.004979187442585009,0.29875124655510055,42.0,0.05256562985219095
250,250,400.0,0.75,0.817340243692312,0.005060601540201342,0.4048481232161073,42.0,0.03241004721737943
250,250,500.0,0.75,0.8640834564972307,0.004404474527333338,0.4404474527333338,42.0,0.03177591603708073
250,250,100.0,0.75,0.6156978733267328,0.008439240175848512,0.16878480351697023,43.0,0.37451025833023
250,250,200.0,0.75,0.7971566200118598,0.014675891924427177,0.587035676977087,43.0,0.0322986508258671
250,250,300.0,0.75,0.7619016601813732,0.007672565457404175,0.4603539274442505,43.0,0.03173143054147415
250,250,400.0,0.75,0.7618924979355665,0.005465267552294801,0.4372214041835841,43.0,0.03197411602358426
250,250,500.0,0.75,0.764861712956399,0.004198902457835514,0.41989024578355144,43.0,0.03433506751660462
250,250,100.0,0.75,0.4902954509730135,0.016326410816690715,0.3265282163338143,44.0,0.0379757394767092
250,250,200.0,0.75,0.8504961080231792,0.013875315558364042,0.5550126223345616,44.0,0.03298097791077384
250,250,300.0,0.75,0.6854816562968336,0.008971968006542114,0.5383180803925268,44.0,0.036218076725377434
250,250,400.0,0.75,0.6994160047574459,0.00520932768801887,0.41674621504150955,44.0,0.05251975553885262
250,250,500.0,0.75,0.7128786471474059,0.003853279790309589,0.3853279790309589,44.0,0.07415958284748891
250,250,100.0,0.75,0.5294808596294468,0.020867847355940782,0.4173569471188156,45.0,0.07594531134408684
250,250,200.0,0.75,0.7330983190201884,0.008646500045801543,0.3458600018320617,45.0,0.029771706067201382
250,250,300.0,0.75,0.6756246486394011,0.005462089730719747,0.3277253838431848,45.0,0.030017020243032655
250,250,400.0,0.75,0.6622480240427546,0.004184225706097929,0.33473805648783433,45.0,0.03584394846150693
250,250,500.0,0.75,0.6695699413386684,0.0032506056993908657,0.32506056993908655,45.0,0.03253230987512744
250,250,100.0,0.75,0.6014533521409917,0.031079989137858446,0.6215997827571689,46.0,0.8292983681548176
250,250,200.0,0.75,0.6484430391136174,0.01695662472014577,0.6782649888058307,46.0,0.049801134264124365
250,250,300.0,0.75,0.716058895995542,0.007299876584832699,0.43799259508996197,46.0,0.06341156090482562
250,250,400.0,0.75,0.7317403526605996,0.005096902351040073,0.40775218808320585,46.0,0.04930265556299815
250,250,500.0,0.75,0.7317673382908328,0.004171495331498573,0.4171495331498573,46.0,0.04835926043021278
250,250,100.0,0.75,0.8329173653865267,0.025337684848260433,0.5067536969652087,47.0,0.02818392455364701
250,250,200.0,0.75,0.7849099650704701,0.010881133259447881,0.43524533037791524,47.0,0.030998891893428807
250,250,300.0,0.75,0.733798897677394,0.006120720915758354,0.36724325494550125,47.0,0.0336882582308405
250,250,400.0,0.75,0.757148761439717,0.005022972324925648,0.4018377859940518,47.0,0.051149148726417994
250,250,500.0,0.75,0.724618516667335,0.003806586709209287,0.3806586709209287,47.0,0.051132947784608675
250,250,100.0,0.75,0.6308352679104124,0.015604527449766281,0.3120905489953256,48.0,0.03380386336230153
250,250,200.0,0.75,0.9155605057913725,0.01577996039572002,0.6311984158288007,48.0,0.07493999442701775
250,250,300.0,0.75,0.8888189887272273,0.010330070829209285,0.6198042497525571,48.0,0.0721754003965264
250,250,400.0,0.75,0.9622861668859948,0.008819626620807467,0.7055701296645973,48.0,0.04267266026724092
250,250,500.0,0.75,0.9441121131475743,0.006850886521432508,0.6850886521432508,48.0,0.029741715100890263
250,250,100.0,0.75,0.7511831898271415,0.040742095308086826,0.8148419061617365,49.0,0.030580026923803454
250,250,200.0,0.75,0.5545748433839911,0.015254576802833847,0.6101830721133539,49.0,0.11277469971657986
250,250,300.0,0.75,0.6404961357366262,0.010570883809102512,0.6342530285461507,49.0,0.10976932588821742
250,250,400.0,0.75,0.7423807144218044,0.007229408478596411,0.5783526782877129,49.0,0.04172932008355324
250,250,500.0,0.75,0.7453974868388059,0.005781636560372565,0.5781636560372565,49.0,0.048636818059012904
250,250,100.0,0.75,0.5062743583047937,0.01790313048385506,0.3580626096771012,50.0,0.029702648058158403
250,250,200.0,0.75,0.6246007562707425,0.006575639147618509,0.26302556590474035,50.0,0.049313053301554215
250,250,300.0,0.75,0.5617183292498723,0.004824342977559593,0.28946057865357555,50.0,0.05009866238435449
250,250,400.0,0.75,0.6283231733586627,0.004345687074471468,0.34765496595771744,50.0,0.03084539437053076
250,250,500.0,0.75,0.6494487280354084,0.003596121505509735,0.3596121505509735,50.0,0.03064825632789946
250,250,100.0,0.75,0.7816323157438593,0.04035215906562599,0.8070431813125197,51.0,0.03001170947477819
250,250,200.0,0.75,0.6136950588522435,0.008799536442512306,0.3519814577004922,51.0,0.03546982723925467
250,250,300.0,0.75,0.6544587467356207,0.007829662098658067,0.4697797259194841,51.0,0.05246345127319723
250,250,400.0,0.75,0.7181776530315895,0.005436953589808033,0.4349562871846426,51.0,0.051342122818959605
250,250,500.0,0.75,0.7149610463320534,0.00385280028581163,0.385280028581163,51.0,0.051878066607430606
250,250,100.0,0.75,0.6246527224245443,0.03091930920190793,0.6183861840381586,52.0,0.10804141036055455
250,250,200.0,0.75,0.8492652206767061,0.020860054391894596,0.8344021756757838,52.0,0.032910333422435385
250,250,300.0,0.75,0.7660907291832405,0.010753871256134745,0.6452322753680847,52.0,0.03185182204883337
250,250,400.0,0.75,0.7436697638604883,0.006146187494935226,0.491694999594818,52.0,0.03198299062073059
250,250,500.0,0.75,0.6897398096243402,0.004024685139622187,0.40246851396221867,52.0,0.03072660307557557
250,250,100.0,0.75,0.47172664648026075,0.01442953007034662,0.2885906014069324,53.0,0.03545068974524264
250,250,200.0,0.75,0.7540437475197393,0.0093759203107873,0.37503681243149195,53.0,0.030143110215195338
250,250,300.0,0.75,0.6648909693479963,0.006617677918625829,0.3970606751175497,53.0,0.04955945317264728
250,250,400.0,0.75,0.732314694447132,0.005641236196339683,0.45129889570717463,53.0,0.030268940639665655
250,250,500.0,0.75,0.7647940472106843,0.0036379934922983127,0.36379934922983126,53.0,0.03182015076925302
250,250,100.0,0.75,0.7342929242690671,0.01575007545318607,0.31500150906372143,54.0,0.0379632635926124
250,250,200.0,0.75,0.6921086683007961,0.009401324820115771,0.37605299280463084,54.0,0.06470593556731108
250,250,300.0,0.75,0.755104926297693,0.006726392261395976,0.4035835356837586,54.0,0.07023864400574312
250,250,400.0,0.75,0.743321096664365,0.00456525359601447,0.36522028768115755,54.0,0.049784965637052245
250,250,500.0,0.75,0.7167789066074831,0.002769397182556145,0.2769397182556145,54.0,0.049466613879255925
250,250,100.0,0.75,0.5643538096526582,0.027022422838127797,0.5404484567625559,55.0,0.10726994487532748
250,250,200.0,0.75,0.8052659001550545,0.008709355380303865,0.34837421521215456,55.0,0.07394127761307087
250,250,300.0,0.75,0.7744862135143189,0.0073402819176168,0.44041691505700803,55.0,0.06667934411965201
250,250,400.0,0.75,0.7617516110532482,0.006256587751852462,0.5005270201481969,55.0,0.0524005506119648
250,250,500.0,0.75,0.7330586143066332,0.004560578351936237,0.4560578351936237,55.0,0.037131107998846564
250,250,100.0,0.75,0.596539454786257,0.02563368961149118,0.5126737922298236,56.0,0.03409925675889638
250,250,200.0,0.75,0.7762750696920864,0.01172156377405813,0.46886255096232515,56.0,0.030789672903454735
250,250,300.0,0.75,0.721846408816543,0.007051454941192242,0.42308729647153454,56.0,0.0320449894294411
250,250,400.0,0.75,0.7677694253452526,0.006936357400880957,0.5549085920704765,56.0,0.03641636079603812
250,250,500.0,0.75,0.8534579409278922,0.006570275663557765,0.6570275663557764,56.0,0.031131539449942843
250,250,100.0,0.75,0.9284130399483321,0.017545688760423624,0.35091377520847244,57.0,0.044574891458914245
250,250,200.0,0.75,0.7018513496624617,0.010542064318637613,0.42168257274550447,57.0,0.028383566614025288
250,250,300.0,0.75,0.7392281056478619,0.005984195849946382,0.35905175099678294,57.0,0.029704351087026508
250,250,400.0,0.75,0.7131125532661281,0.004380582089198268,0.3504465671358614,57.0,0.029615948242986835
250,250,500.0,0.75,0.7560907210975762,0.0040408435204919105,0.4040843520491911,57.0,0.02979663017817131
250,250,100.0,0.75,0.7813319947788555,0.024440260298014795,0.48880520596029586,58.0,0.03185554982735114
250,250,200.0,0.75,0.656702333109534,0.007966537867622754,0.31866151470491016,58.0,0.02960891764625359
250,250,300.0,0.75,0.7230976537113442,0.0059538549458030806,0.3572312967481848,58.0,0.04069012560132544
250,250,400.0,0.75,0.704457167293886,0.004291973573033031,0.3433578858426425,58.0,0.04853939751563308
250,250,500.0,0.75,0.698268074908797,0.0031756883046230025,0.3175688304623002,58.0,0.049065778986730535
250,250,100.0,0.75,0.5163064263203557,0.012471738970040133,0.24943477940080264,59.0,0.027595891925330965
250,250,200.0,0.75,0.8046928443868342,0.009692229524955447,0.38768918099821786,59.0,0.06294239193918273
250,250,300.0,0.75,0.861236242340429,0.008383844771503522,0.5030306862902113,59.0,0.05128840367596125
250,250,400.0,0.75,0.9048555196727539,0.00733006363011446,0.5864050904091568,59.0,0.05184414844303686
250,250,500.0,0.75,0.9111114846190429,0.0060244786596474545,0.6024478659647454,59.0,0.043757242650877076
250,250,100.0,0.75,0.7850684864605435,0.01860630942782737,0.37212618855654733,60.0,0.16463137287465646
250,250,200.0,0.75,0.847680249066057,0.012534051253150047,0.5013620501260019,60.0,0.02948470995502213
250,250,300.0,0.75,0.8068880673184421,0.009376621070909957,0.5625972642545974,60.0,0.030804106509882672
250,250,400.0,0.75,0.7843047751069917,0.0060778411110707035,0.48622728888565625,60.0,0.03140860431219423
250,250,500.0,0.75,0.7754709730462382,0.004369299947951602,0.43692999479516015,60.0,0.030454840538465346
250,250,100.0,0.75,0.5907857146494355,0.01349590770246181,0.2699181540492362,61.0,0.02806443252458545
250,250,200.0,0.75,0.4774194436310438,0.00974717301990196,0.38988692079607834,61.0,0.03125645309940756
250,250,300.0,0.75,0.5816480905913938,0.006289416580998607,0.3773649948599164,61.0,0.03113195175947531
250,250,400.0,0.75,0.6342457739171483,0.0044288635694963545,0.35430908555970836,61.0,0.030260862121994227
250,250,500.0,0.75,0.6833605516691799,0.0032229032737581256,0.32229032737581254,61.0,0.03063642771341375
250,250,100.0,0.75,0.8091037785266526,0.024016929870976825,0.4803385974195365,62.0,0.03550321216515925
250,250,200.0,0.75,0.7397005437112852,0.01090283467242498,0.4361133868969992,62.0,0.0778539456630647
250,250,300.0,0.75,0.7146025264121626,0.007341156935453981,0.4404694161272389,62.0,0.04404468863064112
250,250,400.0,0.75,0.7537252114134222,0.005145520082517508,0.41164160660140064,62.0,0.03034728873151962
250,250,500.0,0.75,0.7631969782587628,0.0038100082645289263,0.3810008264528926,62.0,0.0306503098201329
250,250,100.0,0.75,0.8378730300554416,0.03265926280798981,0.6531852561597962,63.0,0.40685543314163636
250,250,200.0,0.75,0.9750307215918272,0.02525721555102922,1.0102886220411686,63.0,0.03576541764916539
250,250,300.0,0.75,0.8687865128994418,0.010486152042925684,0.629169122575541,63.0,0.034899842138357465
250,250,400.0,0.75,0.9408588181602349,0.008060368772564507,0.6448295018051605,63.0,0.035097444404283036
250,250,500.0,0.75,0.8407965498720478,0.005357689711696792,0.5357689711696793,63.0,0.033384793607300144
250,250,100.0,0.75,0.576819144903382,0.022267651466694918,0.44535302933389836,64.0,0.03038783360089388
250,250,200.0,0.75,0.6733042263952242,0.009459550946414918,0.3783820378565967,64.0,0.029513405885861668
250,250,300.0,0.75,0.7506858001425853,0.007144361919820335,0.4286617151892201,64.0,0.029135908863057395
250,250,400.0,0.75,0.6881764769682285,0.004244192183701146,0.3395353746960917,64.0,0.05004552641170055
250,250,500.0,0.75,0.7150122883656974,0.003839525936380852,0.3839525936380852,64.0,0.03496063796624704
250,250,100.0,0.75,0.6915262640786404,0.018708500902235917,0.37417001804471833,65.0,0.07352952834717504
250,250,200.0,0.75,0.6460181634368372,0.007997793525363915,0.3199117410145566,65.0,0.03697487960891545
250,250,300.0,0.75,0.7062285100195088,0.005360513122270017,0.32163078733620104,65.0,0.032438889697323316
250,250,400.0,0.75,0.6983845169606446,0.003325465293125646,0.26603722345005165,65.0,0.06495750156784576
250,250,500.0,0.75,0.7350852043556022,0.0033999997236539804,0.33999997236539803,65.0,0.06556821756041381
250,250,100.0,0.75,1.0,0.07570642693662588,1.5141285387325174,66.0,0.06602683068068005
250,250,200.0,0.75,0.7543523629585462,0.027870553644785558,1.1148221457914222,66.0,0.07129983279768637
250,250,300.0,0.75,0.7724252885649486,0.01098871489329892,0.6593228935979352,66.0,0.03731754410732709
250,250,400.0,0.75,0.7911204355299181,0.008300248017452137,0.6640198413961709,66.0,0.03201975632647164
250,250,500.0,0.75,0.746244882884421,0.004969128642581012,0.49691286425810116,66.0,0.0310141234412765
250,250,100.0,0.75,0.6219736624873571,0.015529227622424382,0.31058455244848765,67.0,0.1841148037371742
250,250,200.0,0.75,0.7486931783039384,0.010058035417295235,0.4023214166918094,67.0,0.07343118851920434
250,250,300.0,0.75,0.7266750691636037,0.0061435327613463325,0.36861196568078,67.0,0.07281044828157819
250,250,400.0,0.75,0.6770533182650992,0.003931011857323901,0.3144809485859121,67.0,0.07329727485549907
250,250,500.0,0.75,0.6709056211006446,0.0031243275097624012,0.3124327509762401,67.0,0.06542468673253968
250,250,100.0,0.75,0.988331473482144,0.05095384211141854,1.0190768422283707,68.0,0.07027416767070906
250,250,200.0,0.75,0.8771373439195222,0.008566388493386055,0.3426555397354422,68.0,0.06693996747787169
250,250,300.0,0.75,0.9115092931623378,0.00605423822164252,0.36325429329855125,68.0,0.10955873429822792
250,250,400.0,0.75,0.8074046714994647,0.004894551370347806,0.39156410962782445,68.0,0.07066709017013664
250,250,500.0,0.75,0.8030889413082438,0.004218816545363242,0.4218816545363242,68.0,0.06386586171767303
250,250,100.0,0.75,0.6573420435620654,0.0203232720875958,0.40646544175191596,69.0,0.06538407604007612
250,250,200.0,0.75,0.5642430046096804,0.008111894036214323,0.3244757614485729,69.0,0.030739656512185947
250,250,300.0,0.75,0.6887402415329489,0.005689371592999637,0.3413622955799782,69.0,0.031621036566183744
250,250,400.0,0.75,0.7281121889710519,0.0038164788366085323,0.30531830692868256,69.0,0.031400823904018355
250,250,500.0,0.75,0.7280296230691689,0.0030912108242920804,0.30912108242920805,69.0,0.037153606271199895
250,250,100.0,0.75,0.7030957049096499,0.018860975862811193,0.3772195172562238,70.0,0.026328401295174806
250,250,200.0,0.75,0.7301774564024128,0.008671841190091343,0.3468736476036537,70.0,0.0327124328615333
250,250,300.0,0.75,0.7900623139337279,0.0059672745686937725,0.35803647412162637,70.0,0.028864262481738286
250,250,400.0,0.75,0.7894138992758023,0.004833212722842546,0.38665701782740364,70.0,0.029665498285359564
250,250,500.0,0.75,0.8656174755653424,0.004299290315584184,0.42992903155841833,70.0,0.04999841411004386
250,250,100.0,0.75,0.779222608607196,0.018624950437205367,0.37249900874410735,71.0,0.031598682976835456
250,250,200.0,0.75,0.8751264009163281,0.010385405926630923,0.4154162370652369,71.0,0.031104806725140308
250,250,300.0,0.75,0.8620375100040195,0.005913124119885882,0.3547874471931529,71.0,0.03313835278971486
250,250,400.0,0.75,0.7853800742393128,0.003595419141135759,0.2876335312908607,71.0,0.042743931449142146
250,250,500.0,0.75,0.7603071792890393,0.003115301437900062,0.3115301437900062,71.0,0.042955825484154185
250,250,100.0,0.75,0.7777367166054516,0.34652714064107415,6.930542812821483,72.0,0.44374448496368935
250,250,200.0,0.75,0.8368068062320645,0.017377852402936288,0.6951140961174515,72.0,0.03185600146938141
250,250,300.0,0.75,0.8168306007827467,0.009358738467325625,0.5615243080395375,72.0,0.03152796300615519
250,250,400.0,0.75,0.7982232883322794,0.006497701358801739,0.5198161087041391,72.0,0.030078052034282102
250,250,500.0,0.75,0.793465266852719,0.004777497596607779,0.47774975966077793,72.0,0.029464429583705456
250,250,100.0,0.75,0.42922787774142734,0.02632282413389453,0.5264564826778906,73.0,0.07398738997335254
250,250,200.0,0.75,0.6469712614959574,0.007927596223864082,0.3171038489545633,73.0,0.03126482147417409
250,250,300.0,0.75,0.6621362440002296,0.0054833257134393465,0.3289995428063608,73.0,0.031126565310841094
250,250,400.0,0.75,0.7402389772310031,0.004975700331217027,0.39805602649736216,73.0,0.0321635013121743
250,250,500.0,0.75,0.7350442145903968,0.0035844523933549984,0.3584452393354998,73.0,0.0441370378784135
250,250,100.0,0.75,1.0,0.2902558313557437,5.805116627114874,74.0,0.0351033162651366
250,250,200.0,0.75,0.7737370247149108,0.02205435367431752,0.8821741469727008,74.0,0.054756786747062074
250,250,300.0,0.75,0.814096637533792,0.012104418275527848,0.7262650965316708,74.0,0.03351593871689069
250,250,400.0,0.75,0.7262291207564472,0.006855521010329731,0.5484416808263785,74.0,0.03248191040835649
250,250,500.0,0.75,0.7150255582699834,0.004855784428852768,0.4855784428852768,74.0,0.03128504948017865
250,250,100.0,0.75,0.6501205146912674,0.01829103786217318,0.3658207572434636,75.0,0.026861152627146983
250,250,200.0,0.75,0.8499846110102195,0.03603076607840174,1.4412306431360695,75.0,0.03152388259733274
250,250,300.0,0.75,0.7762025697074955,0.01275835882963871,0.7655015297783225,75.0,0.0315280237956817
250,250,400.0,0.75,0.8138938634956152,0.00922729737674023,0.7381837901392184,75.0,0.03216433989164693
250,250,500.0,0.75,0.7348134548235684,0.005886133031994011,0.5886133031994011,75.0,0.03897979612145952
250,250,100.0,0.75,0.83721216674574,0.03714110797082982,0.7428221594165964,76.0,0.1284306517039715
250,250,200.0,0.75,0.5432570732630243,0.007964577763663862,0.31858311054655447,76.0,0.05112773662161561
250,250,300.0,0.75,0.6300420162887693,0.004967128815965052,0.29802772895790314,76.0,0.03309856768106812
250,250,400.0,0.75,0.6782634916710625,0.003987949739821104,0.31903597918568827,76.0,0.050414522786166406
250,250,500.0,0.75,0.6977884141050216,0.0033141315308268583,0.3314131530826858,76.0,0.0426597611081262
250,250,100.0,0.75,0.5629159760248856,0.01297096227820937,0.2594192455641874,77.0,0.03658136437546107
250,250,200.0,0.75,0.6984184583604546,0.0077965211917573225,0.3118608476702929,77.0,0.03159251589660855
250,250,300.0,0.75,0.7141222495721665,0.0064878718034923535,0.38927230820954123,77.0,0.031049580074116977
250,250,400.0,0.75,0.8159255164473661,0.005755904333904837,0.4604723467123869,77.0,0.0317775715402376
250,250,500.0,0.75,0.8350880913035325,0.0047197913857007535,0.47197913857007534,77.0,0.03154979091210078
250,250,100.0,0.75,0.7442577421165808,0.01594376431130126,0.31887528622602523,78.0,0.04110538364856231
250,250,200.0,0.75,0.8434679134174793,0.0110094256237099,0.4403770249483959,78.0,0.03032919037577798
250,250,300.0,0.75,0.8582079580244115,0.007221953273341591,0.4333171964004955,78.0,0.030468869161068602
250,250,400.0,0.75,0.7767322200012629,0.004494294266994398,0.35954354135955185,78.0,0.030612747317177745
250,250,500.0,0.75,0.7840253862551683,0.003520095305857572,0.3520095305857572,78.0,0.035508561861685384
250,250,100.0,0.75,0.8504975671828463,0.02074549263335693,0.4149098526671386,79.0,0.029231335898498714
250,250,200.0,0.75,0.8090573164788049,0.010999288232581849,0.43997152930327393,79.0,0.18768116216953185
250,250,300.0,0.75,0.730254864622195,0.006996548780541661,0.41979292683249964,79.0,0.18911859220107885
250,250,400.0,0.75,0.7325618983440488,0.006316570331884697,0.5053256265507757,79.0,0.11176656423624418
250,250,500.0,0.75,0.7264271471965114,0.004606881634051861,0.4606881634051861,79.0,0.11366069606917995
250,250,100.0,0.75,1.0,0.12010143551690156,2.402028710338031,80.0,0.030393428484259837
250,250,200.0,0.75,0.8428002806166781,0.024405480134019608,0.9762192053607842,80.0,0.07474564970684543
250,250,300.0,0.75,0.8265217909912363,0.014925478877776479,0.8955287326665887,80.0,0.032856538982655725
250,250,400.0,0.75,0.7910558857470685,0.008829703504367984,0.7063762803494387,80.0,0.033675843027808135
250,250,500.0,0.75,0.791337705608124,0.006936464127324075,0.6936464127324075,80.0,0.032980080262773506
250,250,100.0,0.75,0.6625532899736393,0.018864471122401253,0.37728942244802505,81.0,0.3099386328217814
250,250,200.0,0.75,0.6947371203150656,0.00941689238808513,0.3766756955234052,81.0,0.02868835734268935
250,250,300.0,0.75,0.6707907492373232,0.008490015780537433,0.509400946832246,81.0,0.03009671379514687
250,250,400.0,0.75,0.6691141108345828,0.00528700304116048,0.4229602432928383,81.0,0.030312855093113038
250,250,500.0,0.75,0.717093913417987,0.0043110974100631656,0.43110974100631655,81.0,0.03103947115348615
250,250,100.0,0.75,0.7594379356012952,0.015220359729438984,0.3044071945887797,82.0,0.03169515199679703
250,250,200.0,0.75,0.8084646684734432,0.013677425890585041,0.5470970356234016,82.0,0.0294180980795818
250,250,300.0,0.75,0.7674674940203693,0.006501466647784767,0.390087998867086,82.0,0.029592785493709806
250,250,400.0,0.75,0.7652191219883399,0.0052129244127510285,0.4170339530200822,82.0,0.03046646744305721
250,250,500.0,0.75,0.7546196368354834,0.0037354070681223425,0.3735407068122342,82.0,0.030280016784347035
250,250,100.0,0.75,0.9925596469930112,0.04999080160301351,0.9998160320602701,83.0,0.03496457348405137
250,250,200.0,0.75,0.7685595788981856,0.01152462630373948,0.46098505214957913,83.0,0.03167058346211548
250,250,300.0,0.75,0.8357537373569187,0.008307013461745293,0.4984208077047176,83.0,0.0314987431719796
250,250,400.0,0.75,0.7926220220434241,0.005635194110928419,0.4508155288742735,83.0,0.03380422093579315
250,250,500.0,0.75,0.7541116580500684,0.004296035915270489,0.42960359152704886,83.0,0.031512982036945296
250,250,100.0,0.75,0.8134920120262318,0.017024520763137072,0.34049041526274143,84.0,0.062164171437590655
250,250,200.0,0.75,0.7359427729073341,0.011730657577990812,0.4692263031196324,84.0,0.02887041909616911
250,250,300.0,0.75,0.7630056648476966,0.009087791503710908,0.5452674902226544,84.0,0.02934112394112539
250,250,400.0,0.75,0.7410511089282953,0.006219964018892313,0.497597121511385,84.0,0.0299898270574818
250,250,500.0,0.75,0.7649478063827333,0.003719216468922579,0.37192164689225793,84.0,0.03025908796318088
250,250,100.0,0.75,0.6443617524821239,0.015693206162611446,0.3138641232522289,85.0,0.044637299919402434
250,250,200.0,0.75,0.6490177036392616,0.00853551290133123,0.3414205160532492,85.0,0.02982449583010826
250,250,300.0,0.75,0.7131078334268562,0.006158484451990689,0.36950906711944137,85.0,0.03241058972774485
250,250,400.0,0.75,0.7328576517005225,0.004159221634686243,0.33273773077489943,85.0,0.04239531741760791
250,250,500.0,0.75,0.7823449801891456,0.004073628237452671,0.40736282374526717,85.0,0.03193634839450689
250,250,100.0,0.75,0.9451831979416274,0.03588295349215275,0.7176590698430549,86.0,0.03016100704585118
250,250,200.0,0.75,0.662944715123601,0.01493756912930481,0.5975027651721924,86.0,0.03186880227629818
250,250,300.0,0.75,0.6619891656427515,0.006878190752490277,0.41269144514941664,86.0,0.032005378409863554
250,250,400.0,0.75,0.7062963199823927,0.005050904924835623,0.40407239398684985,86.0,0.06555639654486839
250,250,500.0,0.75,0.7121290465074106,0.004083408317903505,0.4083408317903505,86.0,0.05255283168703393
250,250,100.0,0.75,0.7450859999305613,0.017034848733142677,0.34069697466285354,87.0,0.030129411419724764
250,250,200.0,0.75,0.7772210302744494,0.01212191284072631,0.4848765136290524,87.0,0.06532454688231816
250,250,300.0,0.75,0.7637327425013685,0.006950255129419124,0.41701530776514745,87.0,0.03261442131104053
250,250,400.0,0.75,0.8453467941046395,0.006208910543748516,0.4967128434998812,87.0,0.03198280533099019
250,250,500.0,0.75,0.8163071285703887,0.005068490620848676,0.5068490620848676,87.0,0.03163509204401639
250,250,100.0,0.75,0.7974129490561375,0.015992704887151904,0.3198540977430381,88.0,0.05269302650322717
250,250,200.0,0.75,0.718932757081789,0.009260243473999237,0.3704097389599695,88.0,0.031302902081506406
250,250,300.0,0.75,0.8631248974032808,0.007867002898116366,0.472020173886982,88.0,0.030909389407364166
250,250,400.0,0.75,0.8842614984957584,0.006428314599190077,0.5142651679352062,88.0,0.031850349300002224
250,250,500.0,0.75,0.8795990683491351,0.005220887427398395,0.5220887427398395,88.0,0.031379269309348784
250,250,100.0,0.75,0.38369316110050466,0.017761062552776076,0.3552212510555215,89.0,0.04539178260143544
250,250,200.0,0.75,0.8625998679206738,0.015421443069721706,0.6168577227888682,89.0,0.029002569701488342
250,250,300.0,0.75,0.8040109948113364,0.008603198921042396,0.5161919352625438,89.0,0.029610904374329724
250,250,400.0,0.75,0.8145934518064938,0.006946606267972066,0.5557285014377652,89.0,0.030044269553053577
250,250,500.0,0.75,0.7391389127956177,0.004551500265131351,0.4551500265131351,89.0,0.03189639590780779
250,250,100.0,0.75,0.8600232458736031,0.021972522043193887,0.4394504408638777,90.0,0.029935137045081193
250,250,200.0,0.75,0.8057146815934616,0.014784128238705492,0.5913651295482196,90.0,0.03031937140434022
250,250,300.0,0.75,0.9316977851871278,0.012465412718661707,0.7479247631197025,90.0,0.029675804347270233
250,250,400.0,0.75,0.9239893686194616,0.01198810250532537,0.9590482004260296,90.0,0.03575338408465459
250,250,500.0,0.75,0.8703059334014204,0.007841525251756827,0.7841525251756828,90.0,0.03053997882545797
250,250,100.0,0.75,0.9314016945925813,0.032470434512656604,0.6494086902531321,91.0,0.042161814474103734
250,250,200.0,0.75,0.7819951701451022,0.008664999414556387,0.3465999765822555,91.0,0.12016092433711698
250,250,300.0,0.75,0.7614064530594923,0.0052407772578600565,0.3144466354716034,91.0,0.05448208877670663
250,250,400.0,0.75,0.7674091416201435,0.003761067963893401,0.3008854371114721,91.0,0.05320683854474368
250,250,500.0,0.75,0.7611807372121923,0.0030989097459987987,0.30989097459987985,91.0,0.03527746820697825
250,250,100.0,0.75,0.0,0.12671417988224554,2.5342835976449107,92.0,0.07158631313787601
250,250,200.0,0.75,0.9650969609651067,0.01852167163354105,0.7408668653416419,92.0,0.03250808123519349
250,250,300.0,0.75,0.8389987990631815,0.008906001903583793,0.5343601142150276,92.0,0.03333096173950993
250,250,400.0,0.75,0.7441913546003923,0.00615457108730679,0.49236568698454314,92.0,0.03222348853856
250,250,500.0,0.75,0.7397241174179513,0.0045049399678770505,0.4504939967877051,92.0,0.031890582381014235
250,250,100.0,0.75,0.6536399494314108,0.011659869731242929,0.23319739462485856,93.0,0.033878051324894014
250,250,200.0,0.75,0.7560505898983078,0.008361918303013364,0.3344767321205345,93.0,0.03543932464880375
250,250,300.0,0.75,0.8032496038760568,0.007397868375867905,0.44387210255207427,93.0,0.03523484665856121
250,250,400.0,0.75,0.7889915447671307,0.005270612697677106,0.42164901581416847,93.0,0.04639162862751945
250,250,500.0,0.75,0.7841074738362285,0.0040142187035171455,0.4014218703517145,93.0,0.0443921339553373
250,250,100.0,0.75,0.6711556953100595,0.019777544266601055,0.39555088533202104,94.0,0.10219780517705197
250,250,200.0,0.75,0.6805901617209711,0.008051335062514616,0.3220534025005846,94.0,0.030646000135702928
250,250,300.0,0.75,0.6892877488145476,0.005809485790259193,0.34856914741555156,94.0,0.030362181563180643
250,250,400.0,0.75,0.7111818105386175,0.0047523632280829856,0.38018905824663884,94.0,0.031229960851241665
250,250,500.0,0.75,0.7406926790855307,0.003567767264797697,0.3567767264797697,94.0,0.031609506612874844
250,250,100.0,0.75,0.881305444457896,0.029673921671194054,0.5934784334238811,95.0,0.11817447365255784
250,250,200.0,0.75,0.740139330416983,0.0091745495469789,0.366981981879156,95.0,0.07192183420153608
250,250,300.0,0.75,0.7418047432254191,0.00549527547723871,0.3297165286343226,95.0,0.0726628484330328
250,250,400.0,0.75,0.7647029578152835,0.004232770338011462,0.338621627040917,95.0,0.06362481656312173
250,250,500.0,0.75,0.8019285307336828,0.004159830301367262,0.41598303013672616,95.0,0.07091254578343692
250,250,100.0,0.75,0.7867520550798697,0.019360252407577327,0.3872050481515465,96.0,0.10872673406715616
250,250,200.0,0.75,0.7951320290022079,0.00868491635828414,0.3473966543313656,96.0,0.06853839356030716
250,250,300.0,0.75,0.7431511131620742,0.006868034476556349,0.412082068593381,96.0,0.07461560457969729
250,250,400.0,0.75,0.7450997890833793,0.00522743617233199,0.41819489378655916,96.0,0.07414316382353085
250,250,500.0,0.75,0.7646805372843267,0.004154879188673169,0.4154879188673169,96.0,0.07373239249571553
250,250,100.0,0.75,0.8005237867558072,0.03309997204117988,0.6619994408235975,97.0,0.055800191220520594
250,250,200.0,0.75,0.8177564198053162,0.015000065779601057,0.6000026311840423,97.0,0.02947215250896069
250,250,300.0,0.75,0.7777843598667059,0.01033794928216437,0.6202769569298623,97.0,0.030630629330582266
250,250,400.0,0.75,0.8071603262249578,0.006125997342999126,0.49007978743993,97.0,0.030405154353747264
250,250,500.0,0.75,0.7714448419392561,0.0042911312154018475,0.42911312154018477,97.0,0.030055183033016637
250,250,100.0,0.75,0.8549219033075608,0.022036580381360787,0.4407316076272157,98.0,0.027071961667395495
250,250,200.0,0.75,0.7518478457530164,0.008505924833335392,0.34023699333341567,98.0,0.039279714372777844
250,250,300.0,0.75,0.8252852757917077,0.006668579765508628,0.4001147859305177,98.0,0.06769088300261436
250,250,400.0,0.75,0.8884619008265423,0.005607825034097503,0.4486260027278002,98.0,0.06190646246840335
250,250,500.0,0.75,0.8804352631379576,0.004473994161639387,0.4473994161639387,98.0,0.04905616086957831
250,250,100.0,0.75,0.944285144627531,0.04327628368380579,0.8655256736761157,99.0,0.036301013794758114
250,250,200.0,0.75,0.7869826276463798,0.02002664323770612,0.8010657295082447,99.0,0.03428798675141841
250,250,300.0,0.75,0.79421598987979,0.012142393293407735,0.7285435976044641,99.0,0.03375194356661182
250,250,400.0,0.75,0.8408089441465322,0.0088014037648872,0.704112301190976,99.0,0.06767698094709906
250,250,500.0,0.75,0.7942870587203066,0.006568146225537798,0.6568146225537798,99.0,0.03220708193524851
