sim_scenario,n_plus,n_minus,n_target,pi_target,seed,time,gamma_selection_name,estimator,type,estimator_name,kernel,pi,var_n,var,gamma
sim_par_6-p-20,50,50,100,0.25,87,0.010814666748046875,one_over_p,nrm,U,nrm_U,rbf,0.31648583546188014,0.003878617780524673,0.07757235561049346,0.05
sim_par_6-p-20,50,50,100,0.25,87,0.004915714263916016,one_over_p,nrm,V,nrm_V,rbf,0.44400252923563915,0.0028204914821938227,0.05640982964387645,0.05
sim_par_6-p-20,50,50,100,0.25,87,0.004805088043212891,one_over_p,ipr,U,ipr_U,rbf,0.32552863359162176,0.003878617780524673,0.07757235561049346,0.05
sim_par_6-p-20,50,50,100,0.25,87,0.0047223567962646484,one_over_p,ipr,V,ipr_V,rbf,0.3506710792885498,0.0028204914821938227,0.05640982964387645,0.05
sim_par_6-p-20,50,50,100,0.25,87,0.06795287132263184,numerical,ipr,U,ipr_U,rbf,0.33344818417745037,0.0037936565647413304,0.0758731312948266,0.034243012725867716
sim_par_6-p-20,50,50,100,0.25,87,0.06972670555114746,grid,ipr,U,ipr_U,rbf,0.33543840179493184,0.003800450872030722,0.07600901744061443,0.030247384758651352
sim_par_6-p-20,50,50,100,0.25,87,2.5356836318969727,bootstrap_var,ipr,U,ipr_U,rbf,0.33543840179493184,0.003800450872030722,0.07600901744061443,0.030247384758651352
sim_par_6-p-20,50,50,100,0.25,87,2.5369205474853516,bootstrap_mse,ipr,U,ipr_U,rbf,0.3394014110697505,0.003862257853702865,0.0772451570740573,0.022219688930836395
sim_par_6-p-20,50,50,100,0.25,87,0.05328536033630371,distance,ipr,U,ipr_U,rbf,0.33543840179493184,0.003800450872030722,0.07600901744061443,0.030247384758651352
sim_par_6-p-20,50,50,100,0.25,87,0.05355048179626465,distance,ipr,V,ipr_V,rbf,0.35415145791103364,0.004013691993144944,0.08027383986289886,0.0043450867566975256
sim_par_6-p-20,50,50,100,0.25,87,0.03516507148742676,numerical,ipr,V,ipr_V,rbf,0.3778837608371857,0.001784357892521998,0.03568715785043996,0.1
sim_par_6-p-20,50,50,100,0.25,87,0.05326390266418457,grid,ipr,V,ipr_V,rbf,0.34970781970254217,0.003157103641773811,0.06314207283547621,0.030247384758651352
sim_par_6-p-20,50,50,100,0.25,87,2.461773157119751,bootstrap_var,ipr,V,ipr_V,rbf,0.34970781970254217,0.003157103641773811,0.06314207283547621,0.030247384758651352
sim_par_6-p-20,50,50,100,0.25,87,2.5357306003570557,bootstrap_mse,ipr,V,ipr_V,rbf,0.34970781970254217,0.003157103641773811,0.06314207283547621,0.030247384758651352
sim_par_6-p-20,100,100,200,0.25,87,0.006447315216064453,one_over_p,nrm,U,nrm_U,rbf,0.2525238076953226,0.002396005024987786,0.09584020099951143,0.05
sim_par_6-p-20,100,100,200,0.25,87,0.006277561187744141,one_over_p,nrm,V,nrm_V,rbf,0.35420825007678763,0.001987636391601447,0.07950545566405788,0.05
sim_par_6-p-20,100,100,200,0.25,87,0.006123542785644531,one_over_p,ipr,U,ipr_U,rbf,0.25370628327549977,0.002396005024987786,0.09584020099951143,0.05
sim_par_6-p-20,100,100,200,0.25,87,0.006108999252319336,one_over_p,ipr,V,ipr_V,rbf,0.2751396379666609,0.001987636391601447,0.07950545566405788,0.05
sim_par_6-p-20,100,100,200,0.25,87,0.0822601318359375,numerical,ipr,U,ipr_U,rbf,0.2501710815813969,0.002356891121348818,0.09427564485395272,0.03542969291033762
sim_par_6-p-20,100,100,200,0.25,87,0.08778023719787598,grid,ipr,U,ipr_U,rbf,0.24915559347470212,0.0023611717412136326,0.0944468696485453,0.031089515159719916
sim_par_6-p-20,100,100,200,0.25,87,4.158745765686035,bootstrap_var,ipr,U,ipr_U,rbf,0.24915559347470212,0.0023611717412136326,0.0944468696485453,0.031089515159719916
sim_par_6-p-20,100,100,200,0.25,87,4.322717666625977,bootstrap_mse,ipr,U,ipr_U,rbf,0.24915559347470212,0.0023611717412136326,0.0944468696485453,0.031089515159719916
sim_par_6-p-20,100,100,200,0.25,87,0.10211753845214844,distance,ipr,U,ipr_U,rbf,0.24574272499879224,0.0024789954523081396,0.09915981809232557,0.014791847854086364
sim_par_6-p-20,100,100,200,0.25,87,0.09374284744262695,distance,ipr,V,ipr_V,rbf,0.25028291139462355,0.0025590642343679224,0.1023625693747169,0.0044100965357093775
sim_par_6-p-20,100,100,200,0.25,87,0.07490038871765137,numerical,ipr,V,ipr_V,rbf,0.32658814880150955,0.0015721253566423688,0.06288501426569475,0.1
sim_par_6-p-20,100,100,200,0.25,87,0.09492921829223633,grid,ipr,V,ipr_V,rbf,0.2622971911736156,0.0021136104695420013,0.08454441878168005,0.031089515159719916
sim_par_6-p-20,100,100,200,0.25,87,4.373801231384277,bootstrap_var,ipr,V,ipr_V,rbf,0.2622971911736156,0.0021136104695420013,0.08454441878168005,0.031089515159719916
sim_par_6-p-20,100,100,200,0.25,87,4.409785985946655,bootstrap_mse,ipr,V,ipr_V,rbf,0.2622971911736156,0.0021136104695420013,0.08454441878168005,0.031089515159719916
sim_par_6-p-20,150,150,300,0.25,87,0.010992050170898438,one_over_p,nrm,U,nrm_U,rbf,0.21840149021207494,0.001525401314093723,0.09152407884562339,0.05
sim_par_6-p-20,150,150,300,0.25,87,0.011489629745483398,one_over_p,nrm,V,nrm_V,rbf,0.3024943770917055,0.0013422885592925381,0.0805373135575523,0.05
sim_par_6-p-20,150,150,300,0.25,87,0.00942373275756836,one_over_p,ipr,U,ipr_U,rbf,0.22793662624587968,0.001525401314093723,0.09152407884562339,0.05
sim_par_6-p-20,150,150,300,0.25,87,0.010674715042114258,one_over_p,ipr,V,ipr_V,rbf,0.24452981814467417,0.0013422885592925381,0.0805373135575523,0.05
sim_par_6-p-20,150,150,300,0.25,87,0.18088436126708984,numerical,ipr,U,ipr_U,rbf,0.22153155606743613,0.0014854858789693996,0.08912915273816398,0.0328413148418031
sim_par_6-p-20,150,150,300,0.25,87,0.1756913661956787,grid,ipr,U,ipr_U,rbf,0.2206096540421068,0.0014863176812460934,0.08917906087476561,0.030637953948760312
sim_par_6-p-20,150,150,300,0.25,87,7.684097051620483,bootstrap_var,ipr,U,ipr_U,rbf,0.2206096540421068,0.0014863176812460934,0.08917906087476561,0.030637953948760312
sim_par_6-p-20,150,150,300,0.25,87,7.996596097946167,bootstrap_mse,ipr,U,ipr_U,rbf,0.2206096540421068,0.0014863176812460934,0.08917906087476561,0.030637953948760312
sim_par_6-p-20,150,150,300,0.25,87,0.162581205368042,distance,ipr,U,ipr_U,rbf,0.21677253569164434,0.0015080076748645742,0.09048046049187446,0.022089831219139634
sim_par_6-p-20,150,150,300,0.25,87,0.16001248359680176,distance,ipr,V,ipr_V,rbf,0.21182939422013303,0.0016530773095614387,0.09918463857368633,0.0043201596445816845
sim_par_6-p-20,150,150,300,0.25,87,0.10144901275634766,numerical,ipr,V,ipr_V,rbf,0.29187905815980353,0.0012250804177109918,0.07350482506265951,0.1
sim_par_6-p-20,150,150,300,0.25,87,0.15858745574951172,grid,ipr,V,ipr_V,rbf,0.23057058883245318,0.0013806984785938218,0.08284190871562931,0.030637953948760312
sim_par_6-p-20,150,150,300,0.25,87,7.515936374664307,bootstrap_var,ipr,V,ipr_V,rbf,0.23057058883245318,0.0013806984785938218,0.08284190871562931,0.030637953948760312
sim_par_6-p-20,150,150,300,0.25,87,7.692580699920654,bootstrap_mse,ipr,V,ipr_V,rbf,0.23057058883245318,0.0013806984785938218,0.08284190871562931,0.030637953948760312
sim_par_6-p-20,200,200,400,0.25,87,0.016299962997436523,one_over_p,nrm,U,nrm_U,rbf,0.21897305453190116,0.0011396384216898368,0.09117107373518694,0.05
sim_par_6-p-20,200,200,400,0.25,87,0.015713214874267578,one_over_p,nrm,V,nrm_V,rbf,0.2853454734705548,0.0010344054998518328,0.08275243998814662,0.05
sim_par_6-p-20,200,200,400,0.25,87,0.015682220458984375,one_over_p,ipr,U,ipr_U,rbf,0.22656682008111434,0.0011396384216898368,0.09117107373518694,0.05
sim_par_6-p-20,200,200,400,0.25,87,0.01563882827758789,one_over_p,ipr,V,ipr_V,rbf,0.23928755345345198,0.0010344054998518328,0.08275243998814662,0.05
sim_par_6-p-20,200,200,400,0.25,87,0.2785031795501709,numerical,ipr,U,ipr_U,rbf,0.22209736479305398,0.0011208272904209137,0.08966618323367309,0.03557145699938955
sim_par_6-p-20,200,200,400,0.25,87,0.2583961486816406,grid,ipr,U,ipr_U,rbf,0.22044319965485049,0.0011239414825461441,0.08991531860369152,0.03033302675551613
sim_par_6-p-20,200,200,400,0.25,87,12.15166974067688,bootstrap_var,ipr,U,ipr_U,rbf,0.22044319965485049,0.0011239414825461441,0.08991531860369152,0.03033302675551613
sim_par_6-p-20,200,200,400,0.25,87,12.37741208076477,bootstrap_mse,ipr,U,ipr_U,rbf,0.22044319965485049,0.0011239414825461441,0.08991531860369152,0.03033302675551613
sim_par_6-p-20,200,200,400,0.25,87,0.2652318477630615,distance,ipr,U,ipr_U,rbf,0.21677488402706957,0.0011589739249070854,0.09271791399256682,0.01873013217491167
sim_par_6-p-20,200,200,400,0.25,87,0.2614414691925049,distance,ipr,V,ipr_V,rbf,0.21577304762010519,0.0012607238225051506,0.10085790580041204,0.004304710248035938
sim_par_6-p-20,200,200,400,0.25,87,0.19988155364990234,numerical,ipr,V,ipr_V,rbf,0.28027026067520633,0.0009810991404186275,0.0784879312334902,0.1
sim_par_6-p-20,200,200,400,0.25,87,0.2565577030181885,grid,ipr,V,ipr_V,rbf,0.22790494607933715,0.0010637763383980821,0.08510210707184657,0.03033302675551613
sim_par_6-p-20,200,200,400,0.25,87,12.279065132141113,bootstrap_var,ipr,V,ipr_V,rbf,0.22790494607933715,0.0010637763383980821,0.08510210707184657,0.03033302675551613
sim_par_6-p-20,200,200,400,0.25,87,12.452020168304443,bootstrap_mse,ipr,V,ipr_V,rbf,0.22790494607933715,0.0010637763383980821,0.08510210707184657,0.03033302675551613
sim_par_6-p-20,250,250,500,0.25,87,0.027280330657958984,one_over_p,nrm,U,nrm_U,rbf,0.2347820104806278,0.0009127369121132819,0.09127369121132818,0.05
sim_par_6-p-20,250,250,500,0.25,87,0.025279998779296875,one_over_p,nrm,V,nrm_V,rbf,0.28591278005210097,0.0008447435941334386,0.08447435941334386,0.05
sim_par_6-p-20,250,250,500,0.25,87,0.025033235549926758,one_over_p,ipr,U,ipr_U,rbf,0.2372349247026293,0.0009127369121132819,0.09127369121132818,0.05
sim_par_6-p-20,250,250,500,0.25,87,0.02529120445251465,one_over_p,ipr,V,ipr_V,rbf,0.24709176578048464,0.0008447435941334386,0.08447435941334386,0.05
sim_par_6-p-20,250,250,500,0.25,87,0.4377615451812744,numerical,ipr,U,ipr_U,rbf,0.23422103624678797,0.0008896837335471149,0.08896837335471149,0.03279943026212539
sim_par_6-p-20,250,250,500,0.25,87,0.4191114902496338,grid,ipr,U,ipr_U,rbf,0.2338055559351599,0.0008902734607482488,0.08902734607482488,0.030334989015927346
sim_par_6-p-20,250,250,500,0.25,87,17.97521424293518,bootstrap_var,ipr,U,ipr_U,rbf,0.2338055559351599,0.0008902734607482488,0.08902734607482488,0.030334989015927346
sim_par_6-p-20,250,250,500,0.25,87,18.821226596832275,bootstrap_mse,ipr,U,ipr_U,rbf,0.2338055559351599,0.0008902734607482488,0.08902734607482488,0.030334989015927346
sim_par_6-p-20,250,250,500,0.25,87,0.4046146869659424,distance,ipr,U,ipr_U,rbf,0.23192023495829106,0.0009121660795404916,0.09121660795404915,0.018762436956455394
sim_par_6-p-20,250,250,500,0.25,87,0.4076266288757324,distance,ipr,V,ipr_V,rbf,0.23234648458435525,0.0009886287413393463,0.09886287413393463,0.004351392480744117
sim_par_6-p-20,250,250,500,0.25,87,0.3796427249908447,numerical,ipr,V,ipr_V,rbf,0.24424354165688678,0.0008431266351379526,0.08431266351379525,0.04325833016465177
sim_par_6-p-20,250,250,500,0.25,87,0.4144432544708252,grid,ipr,V,ipr_V,rbf,0.23951099951615473,0.0008521717330210185,0.08521717330210185,0.030334989015927346
sim_par_6-p-20,250,250,500,0.25,87,18.609418392181396,bootstrap_var,ipr,V,ipr_V,rbf,0.23951099951615473,0.0008521717330210185,0.08521717330210185,0.030334989015927346
sim_par_6-p-20,250,250,500,0.25,87,19.022894620895386,bootstrap_mse,ipr,V,ipr_V,rbf,0.23951099951615473,0.0008521717330210185,0.08521717330210185,0.030334989015927346
sim_par_6-p-20,50,50,100,0.25,88,0.0031633377075195312,one_over_p,nrm,U,nrm_U,rbf,0.17699219166644062,0.005419023245015826,0.1083804649003165,0.05
sim_par_6-p-20,50,50,100,0.25,88,0.0039196014404296875,one_over_p,nrm,V,nrm_V,rbf,0.4073171721159863,0.003595171630975578,0.07190343261951156,0.05
sim_par_6-p-20,50,50,100,0.25,88,0.003763914108276367,one_over_p,ipr,U,ipr_U,rbf,0.21094891320677528,0.005419023245015826,0.1083804649003165,0.05
sim_par_6-p-20,50,50,100,0.25,88,0.0038101673126220703,one_over_p,ipr,V,ipr_V,rbf,0.2643132744626594,0.003595171630975578,0.07190343261951156,0.05
sim_par_6-p-20,50,50,100,0.25,88,0.0514528751373291,numerical,ipr,U,ipr_U,rbf,0.21782123510052337,0.005212344233475812,0.10424688466951623,0.029095169731109847
sim_par_6-p-20,50,50,100,0.25,88,0.054910898208618164,grid,ipr,U,ipr_U,rbf,0.21768916900509633,0.005212448540721685,0.1042489708144337,0.029509050331156948
sim_par_6-p-20,50,50,100,0.25,88,2.498577833175659,bootstrap_var,ipr,U,ipr_U,rbf,0.21768916900509633,0.005212448540721685,0.1042489708144337,0.029509050331156948
sim_par_6-p-20,50,50,100,0.25,88,2.520219564437866,bootstrap_mse,ipr,U,ipr_U,rbf,0.22005003662607164,0.005249110771777619,0.10498221543555238,0.02176281541654227
sim_par_6-p-20,50,50,100,0.25,88,0.053618431091308594,distance,ipr,U,ipr_U,rbf,0.21768916900509633,0.005212448540721685,0.1042489708144337,0.029509050331156948
sim_par_6-p-20,50,50,100,0.25,88,0.0531001091003418,distance,ipr,V,ipr_V,rbf,0.2388653053435169,0.005155409794032976,0.10310819588065952,0.00459396804391255
sim_par_6-p-20,50,50,100,0.25,88,0.027414560317993164,numerical,ipr,V,ipr_V,rbf,0.33501990957864614,0.0020202074903742204,0.040404149807484406,0.1
sim_par_6-p-20,50,50,100,0.25,88,0.05292320251464844,grid,ipr,V,ipr_V,rbf,0.24930013085939506,0.004109444275747489,0.08218888551494978,0.029509050331156948
sim_par_6-p-20,50,50,100,0.25,88,2.4931726455688477,bootstrap_var,ipr,V,ipr_V,rbf,0.24930013085939506,0.004109444275747489,0.08218888551494978,0.029509050331156948
sim_par_6-p-20,50,50,100,0.25,88,2.5431644916534424,bootstrap_mse,ipr,V,ipr_V,rbf,0.24930013085939506,0.004109444275747489,0.08218888551494978,0.029509050331156948
sim_par_6-p-20,100,100,200,0.25,88,0.007136821746826172,one_over_p,nrm,U,nrm_U,rbf,0.25351338508314564,0.001962804021734562,0.07851216086938247,0.05
sim_par_6-p-20,100,100,200,0.25,88,0.006186008453369141,one_over_p,nrm,V,nrm_V,rbf,0.34811225230271103,0.0016531573582830765,0.06612629433132305,0.05
sim_par_6-p-20,100,100,200,0.25,88,0.006346940994262695,one_over_p,ipr,U,ipr_U,rbf,0.26568976160161945,0.001962804021734562,0.07851216086938247,0.05
sim_par_6-p-20,100,100,200,0.25,88,0.006131410598754883,one_over_p,ipr,V,ipr_V,rbf,0.28453376000491765,0.0016531573582830765,0.06612629433132305,0.05
sim_par_6-p-20,100,100,200,0.25,88,0.08304619789123535,numerical,ipr,U,ipr_U,rbf,0.2764200475503108,0.0018901505211682092,0.07560602084672836,0.03135728836281741
sim_par_6-p-20,100,100,200,0.25,88,0.08831024169921875,grid,ipr,U,ipr_U,rbf,0.276884757148396,0.001890282960107105,0.0756113184042842,0.030621891254939974
sim_par_6-p-20,100,100,200,0.25,88,4.106780052185059,bootstrap_var,ipr,U,ipr_U,rbf,0.276884757148396,0.001890282960107105,0.0756113184042842,0.030621891254939974
sim_par_6-p-20,100,100,200,0.25,88,4.427839279174805,bootstrap_mse,ipr,U,ipr_U,rbf,0.2823069296968306,0.0019113138987622712,0.07645255595049084,0.02242707784984941
sim_par_6-p-20,100,100,200,0.25,88,0.09336042404174805,distance,ipr,U,ipr_U,rbf,0.276884757148396,0.001890282960107105,0.0756113184042842,0.030621891254939974
sim_par_6-p-20,100,100,200,0.25,88,0.09270977973937988,distance,ipr,V,ipr_V,rbf,0.30023183371845413,0.002033202306085285,0.0813280922434114,0.0045188825498256495
sim_par_6-p-20,100,100,200,0.25,88,0.05960488319396973,numerical,ipr,V,ipr_V,rbf,0.30656668165484585,0.0014971565668226632,0.059886262672906525,0.1
sim_par_6-p-20,100,100,200,0.25,88,0.09277701377868652,grid,ipr,V,ipr_V,rbf,0.2874648972110696,0.0017103432076950344,0.06841372830780137,0.030621891254939974
sim_par_6-p-20,100,100,200,0.25,88,4.3428990840911865,bootstrap_var,ipr,V,ipr_V,rbf,0.2874648972110696,0.0017103432076950344,0.06841372830780137,0.030621891254939974
sim_par_6-p-20,100,100,200,0.25,88,4.421384334564209,bootstrap_mse,ipr,V,ipr_V,rbf,0.2874648972110696,0.0017103432076950344,0.06841372830780137,0.030621891254939974
sim_par_6-p-20,150,150,300,0.25,88,0.011005401611328125,one_over_p,nrm,U,nrm_U,rbf,0.25097558393246555,0.0012811774221249943,0.07687064532749967,0.05
sim_par_6-p-20,150,150,300,0.25,88,0.010663270950317383,one_over_p,nrm,V,nrm_V,rbf,0.318885900637874,0.001141997600828263,0.06851985604969578,0.05
sim_par_6-p-20,150,150,300,0.25,88,0.010752201080322266,one_over_p,ipr,U,ipr_U,rbf,0.25798111068748353,0.0012811774221249943,0.07687064532749967,0.05
sim_par_6-p-20,150,150,300,0.25,88,0.010546684265136719,one_over_p,ipr,V,ipr_V,rbf,0.2712234522278092,0.001141997600828263,0.06851985604969578,0.05
sim_par_6-p-20,150,150,300,0.25,88,0.15798521041870117,numerical,ipr,U,ipr_U,rbf,0.2630435431023792,0.001237155217737752,0.07422931306426513,0.031634633115580436
sim_par_6-p-20,150,150,300,0.25,88,0.14745235443115234,grid,ipr,U,ipr_U,rbf,0.263175026776603,0.0012371793831548994,0.07423076298929397,0.031244185866230168
sim_par_6-p-20,150,150,300,0.25,88,6.921186208724976,bootstrap_var,ipr,U,ipr_U,rbf,0.263175026776603,0.0012371793831548994,0.07423076298929397,0.031244185866230168
sim_par_6-p-20,150,150,300,0.25,88,7.4246909618377686,bootstrap_mse,ipr,U,ipr_U,rbf,0.263175026776603,0.0012371793831548994,0.07423076298929397,0.031244185866230168
sim_par_6-p-20,150,150,300,0.25,88,0.15817713737487793,distance,ipr,U,ipr_U,rbf,0.263175026776603,0.0012371793831548994,0.07423076298929397,0.031244185866230168
sim_par_6-p-20,150,150,300,0.25,88,0.1545271873474121,distance,ipr,V,ipr_V,rbf,0.277944105357926,0.00136805025935504,0.0820830155613024,0.00441655605807766
sim_par_6-p-20,150,150,300,0.25,88,0.14194655418395996,numerical,ipr,V,ipr_V,rbf,0.27072531244596465,0.001141088638285036,0.06846531829710217,0.045504866831752915
sim_par_6-p-20,150,150,300,0.25,88,0.15615129470825195,grid,ipr,V,ipr_V,rbf,0.270913710231415,0.0011557556843328758,0.06934534105997255,0.031244185866230168
sim_par_6-p-20,150,150,300,0.25,88,7.074483871459961,bootstrap_var,ipr,V,ipr_V,rbf,0.270913710231415,0.0011557556843328758,0.06934534105997255,0.031244185866230168
sim_par_6-p-20,150,150,300,0.25,88,7.154719591140747,bootstrap_mse,ipr,V,ipr_V,rbf,0.270913710231415,0.0011557556843328758,0.06934534105997255,0.031244185866230168
sim_par_6-p-20,200,200,400,0.25,88,0.015650272369384766,one_over_p,nrm,U,nrm_U,rbf,0.2588154335538334,0.0009809571112749512,0.0784765689019961,0.05
sim_par_6-p-20,200,200,400,0.25,88,0.0164029598236084,one_over_p,nrm,V,nrm_V,rbf,0.31069957205787807,0.0008982696494458551,0.0718615719556684,0.05
sim_par_6-p-20,200,200,400,0.25,88,0.01577448844909668,one_over_p,ipr,U,ipr_U,rbf,0.2565803999302366,0.0009809571112749512,0.0784765689019961,0.05
sim_par_6-p-20,200,200,400,0.25,88,0.01615452766418457,one_over_p,ipr,V,ipr_V,rbf,0.2666975252777339,0.0008982696494458551,0.0718615719556684,0.05
sim_par_6-p-20,200,200,400,0.25,88,0.2807028293609619,numerical,ipr,U,ipr_U,rbf,0.254433357976564,0.0009540453674582489,0.0763236293966599,0.03182883586340341
sim_par_6-p-20,200,200,400,0.25,88,0.2555677890777588,grid,ipr,U,ipr_U,rbf,0.2544232640583015,0.0009540524858092166,0.07632419886473732,0.03155983878939571
sim_par_6-p-20,200,200,400,0.25,88,11.974565744400024,bootstrap_var,ipr,U,ipr_U,rbf,0.2544232640583015,0.0009540524858092166,0.07632419886473732,0.03155983878939571
sim_par_6-p-20,200,200,400,0.25,88,12.545453071594238,bootstrap_mse,ipr,U,ipr_U,rbf,0.2544232640583015,0.0009540524858092166,0.07632419886473732,0.03155983878939571
sim_par_6-p-20,200,200,400,0.25,88,0.26539111137390137,distance,ipr,U,ipr_U,rbf,0.256349451262066,0.0010084537364114302,0.0806762989129144,0.01134985035584399
sim_par_6-p-20,200,200,400,0.25,88,0.27399182319641113,distance,ipr,V,ipr_V,rbf,0.26124585951583124,0.0010405220729388291,0.08324176583510633,0.004395183955623167
sim_par_6-p-20,200,200,400,0.25,88,0.24344968795776367,numerical,ipr,V,ipr_V,rbf,0.26435618466948574,0.0008972377740060352,0.07177902192048281,0.04437763965912807
sim_par_6-p-20,200,200,400,0.25,88,0.2798609733581543,grid,ipr,V,ipr_V,rbf,0.2605106048288787,0.0009053300021137492,0.07242640016909993,0.03155983878939571
sim_par_6-p-20,200,200,400,0.25,88,12.406171560287476,bootstrap_var,ipr,V,ipr_V,rbf,0.2605106048288787,0.0009053300021137492,0.07242640016909993,0.03155983878939571
sim_par_6-p-20,200,200,400,0.25,88,12.775922775268555,bootstrap_mse,ipr,V,ipr_V,rbf,0.2605106048288787,0.0009053300021137492,0.07242640016909993,0.03155983878939571
sim_par_6-p-20,250,250,500,0.25,88,0.02810382843017578,one_over_p,nrm,U,nrm_U,rbf,0.25459976434993226,0.0007845115119059885,0.07845115119059885,0.05
sim_par_6-p-20,250,250,500,0.25,88,0.027173995971679688,one_over_p,nrm,V,nrm_V,rbf,0.2991475765325237,0.0007293122663282314,0.07293122663282313,0.05
sim_par_6-p-20,250,250,500,0.25,88,0.026787281036376953,one_over_p,ipr,U,ipr_U,rbf,0.25329162210939615,0.0007845115119059885,0.07845115119059885,0.05
sim_par_6-p-20,250,250,500,0.25,88,0.026612043380737305,one_over_p,ipr,V,ipr_V,rbf,0.261864333574364,0.0007293122663282314,0.07293122663282313,0.05
sim_par_6-p-20,250,250,500,0.25,88,0.442793607711792,numerical,ipr,U,ipr_U,rbf,0.2496998342753608,0.0007672463035977245,0.07672463035977245,0.03373603596274451
sim_par_6-p-20,250,250,500,0.25,88,0.4351515769958496,grid,ipr,U,ipr_U,rbf,0.2492739256612777,0.0007677446328439673,0.07677446328439673,0.031231140841038268
sim_par_6-p-20,250,250,500,0.25,88,20.236323595046997,bootstrap_var,ipr,U,ipr_U,rbf,0.2492739256612777,0.0007677446328439673,0.07677446328439673,0.031231140841038268
sim_par_6-p-20,250,250,500,0.25,88,20.432129621505737,bootstrap_mse,ipr,U,ipr_U,rbf,0.2492739256612777,0.0007677446328439673,0.07677446328439673,0.031231140841038268
sim_par_6-p-20,250,250,500,0.25,88,0.4406571388244629,distance,ipr,U,ipr_U,rbf,0.24770215706603776,0.000820912123984775,0.0820912123984775,0.011170950721543319
sim_par_6-p-20,250,250,500,0.25,88,0.4222378730773926,distance,ipr,V,ipr_V,rbf,0.25043841286711366,0.0008540875742849144,0.08540875742849144,0.00436358693998488
sim_par_6-p-20,250,250,500,0.25,88,0.3934338092803955,numerical,ipr,V,ipr_V,rbf,0.25910904002234164,0.000728142585252412,0.0728142585252412,0.04395786121339501
sim_par_6-p-20,250,250,500,0.25,88,0.4428231716156006,grid,ipr,V,ipr_V,rbf,0.2543946994184463,0.0007356015596334415,0.07356015596334414,0.031231140841038268
sim_par_6-p-20,250,250,500,0.25,88,18.778356075286865,bootstrap_var,ipr,V,ipr_V,rbf,0.2543946994184463,0.0007356015596334415,0.07356015596334414,0.031231140841038268
sim_par_6-p-20,250,250,500,0.25,88,18.958197116851807,bootstrap_mse,ipr,V,ipr_V,rbf,0.2543946994184463,0.0007356015596334415,0.07356015596334414,0.031231140841038268
sim_par_6-p-20,50,50,100,0.25,89,0.004037380218505859,one_over_p,nrm,U,nrm_U,rbf,0.19286310326952835,0.004702912724978284,0.09405825449956567,0.05
sim_par_6-p-20,50,50,100,0.25,89,0.0039751529693603516,one_over_p,nrm,V,nrm_V,rbf,0.39723458147880947,0.00326994485839991,0.0653988971679982,0.05
sim_par_6-p-20,50,50,100,0.25,89,0.003926753997802734,one_over_p,ipr,U,ipr_U,rbf,0.212378886994872,0.004702912724978284,0.09405825449956567,0.05
sim_par_6-p-20,50,50,100,0.25,89,0.003911733627319336,one_over_p,ipr,V,ipr_V,rbf,0.26084883455033614,0.00326994485839991,0.0653988971679982,0.05
sim_par_6-p-20,50,50,100,0.25,89,0.06042981147766113,numerical,ipr,U,ipr_U,rbf,0.2502410661230016,0.004384694395043809,0.08769388790087618,0.02046210079583677
sim_par_6-p-20,50,50,100,0.25,89,0.05527758598327637,grid,ipr,U,ipr_U,rbf,0.24847441251961472,0.004385364217503912,0.08770728435007823,0.021669976344698798
sim_par_6-p-20,50,50,100,0.25,89,2.5255939960479736,bootstrap_var,ipr,U,ipr_U,rbf,0.23654319816670782,0.004425153062160686,0.08850306124321371,0.03022316582161044
sim_par_6-p-20,50,50,100,0.25,89,2.5810000896453857,bootstrap_mse,ipr,U,ipr_U,rbf,0.24847441251961472,0.004385364217503912,0.08770728435007823,0.021669976344698798
sim_par_6-p-20,50,50,100,0.25,89,0.0541529655456543,distance,ipr,U,ipr_U,rbf,0.23654319816670782,0.004425153062160686,0.08850306124321371,0.03022316582161044
sim_par_6-p-20,50,50,100,0.25,89,0.05602860450744629,distance,ipr,V,ipr_V,rbf,0.28660617121616677,0.004125636948169491,0.08251273896338981,0.004485011112781203
sim_par_6-p-20,50,50,100,0.25,89,0.03684878349304199,numerical,ipr,V,ipr_V,rbf,0.31414841398992577,0.0019309560873261083,0.03861912174652216,0.1
sim_par_6-p-20,50,50,100,0.25,89,0.05323457717895508,grid,ipr,V,ipr_V,rbf,0.2632964079849789,0.0035943803522629028,0.07188760704525805,0.03022316582161044
sim_par_6-p-20,50,50,100,0.25,89,2.485968828201294,bootstrap_var,ipr,V,ipr_V,rbf,0.2632964079849789,0.0035943803522629028,0.07188760704525805,0.03022316582161044
sim_par_6-p-20,50,50,100,0.25,89,2.5375375747680664,bootstrap_mse,ipr,V,ipr_V,rbf,0.2632964079849789,0.0035943803522629028,0.07188760704525805,0.03022316582161044
sim_par_6-p-20,100,100,200,0.25,89,0.007209300994873047,one_over_p,nrm,U,nrm_U,rbf,0.1876959105130266,0.0024368184980379693,0.09747273992151877,0.05
sim_par_6-p-20,100,100,200,0.25,89,0.006615638732910156,one_over_p,nrm,V,nrm_V,rbf,0.3208081711052568,0.002000817657911352,0.08003270631645408,0.05
sim_par_6-p-20,100,100,200,0.25,89,0.005830287933349609,one_over_p,ipr,U,ipr_U,rbf,0.22490948394402144,0.0024368184980379693,0.09747273992151877,0.05
sim_par_6-p-20,100,100,200,0.25,89,0.006324291229248047,one_over_p,ipr,V,ipr_V,rbf,0.2506707373707318,0.002000817657911352,0.08003270631645408,0.05
sim_par_6-p-20,100,100,200,0.25,89,0.10811734199523926,numerical,ipr,U,ipr_U,rbf,0.2149450021277477,0.002258646902538925,0.090345876101557,0.023833425369839355
sim_par_6-p-20,100,100,200,0.25,89,0.0886688232421875,grid,ipr,U,ipr_U,rbf,0.21366136708982858,0.00226035465300429,0.0904141861201716,0.02168341500901064
sim_par_6-p-20,100,100,200,0.25,89,4.127835988998413,bootstrap_var,ipr,U,ipr_U,rbf,0.21768663901896806,0.002267664858253408,0.09070659433013632,0.02906406422589887
sim_par_6-p-20,100,100,200,0.25,89,4.184047698974609,bootstrap_mse,ipr,U,ipr_U,rbf,0.20808560712997282,0.002300450264394162,0.09201801057576647,0.013942587657557315
sim_par_6-p-20,100,100,200,0.25,89,0.09655547142028809,distance,ipr,U,ipr_U,rbf,0.21366136708982858,0.00226035465300429,0.0904141861201716,0.02168341500901064
sim_par_6-p-20,100,100,200,0.25,89,0.08919095993041992,distance,ipr,V,ipr_V,rbf,0.20564195071931468,0.002351351065732449,0.09405404262929795,0.004156764447437361
sim_par_6-p-20,100,100,200,0.25,89,0.08304786682128906,numerical,ipr,V,ipr_V,rbf,0.30804274216497585,0.001699345539771995,0.0679738215908798,0.1
sim_par_6-p-20,100,100,200,0.25,89,0.08778047561645508,grid,ipr,V,ipr_V,rbf,0.2325199005314516,0.002037510340422055,0.08150041361688219,0.02906406422589887
sim_par_6-p-20,100,100,200,0.25,89,4.100663900375366,bootstrap_var,ipr,V,ipr_V,rbf,0.2325199005314516,0.002037510340422055,0.08150041361688219,0.02906406422589887
sim_par_6-p-20,100,100,200,0.25,89,4.2873687744140625,bootstrap_mse,ipr,V,ipr_V,rbf,0.2325199005314516,0.002037510340422055,0.08150041361688219,0.02906406422589887
sim_par_6-p-20,150,150,300,0.25,89,0.010306119918823242,one_over_p,nrm,U,nrm_U,rbf,0.25842545536590256,0.0015531965117079858,0.09319179070247915,0.05
sim_par_6-p-20,150,150,300,0.25,89,0.010069131851196289,one_over_p,nrm,V,nrm_V,rbf,0.3309299207466904,0.0013671499591243954,0.08202899754746372,0.05
sim_par_6-p-20,150,150,300,0.25,89,0.010338306427001953,one_over_p,ipr,U,ipr_U,rbf,0.2737744765265997,0.0015531965117079858,0.09319179070247915,0.05
sim_par_6-p-20,150,150,300,0.25,89,0.010364294052124023,one_over_p,ipr,V,ipr_V,rbf,0.28762658394798585,0.0013671499591243954,0.08202899754746372,0.05
sim_par_6-p-20,150,150,300,0.25,89,0.17855262756347656,numerical,ipr,U,ipr_U,rbf,0.2648915038861275,0.001494317619093903,0.08965905714563419,0.028901533117852363
sim_par_6-p-20,150,150,300,0.25,89,0.15409445762634277,grid,ipr,U,ipr_U,rbf,0.26590447983705734,0.0014949740886195163,0.08969844531717097,0.030877106084313485
sim_par_6-p-20,150,150,300,0.25,89,6.9984660148620605,bootstrap_var,ipr,U,ipr_U,rbf,0.26590447983705734,0.0014949740886195163,0.08969844531717097,0.030877106084313485
sim_par_6-p-20,150,150,300,0.25,89,6.9521613121032715,bootstrap_mse,ipr,U,ipr_U,rbf,0.255501457267899,0.001541666910501911,0.09250001463011466,0.014394373451821046
sim_par_6-p-20,150,150,300,0.25,89,0.15125274658203125,distance,ipr,U,ipr_U,rbf,0.26121964056563673,0.001502246321418216,0.09013477928509296,0.022484961735929627
sim_par_6-p-20,150,150,300,0.25,89,0.14971065521240234,distance,ipr,V,ipr_V,rbf,0.24993978916232484,0.001616022926705075,0.0969613756023045,0.004229776828623636
sim_par_6-p-20,150,150,300,0.25,89,0.09672832489013672,numerical,ipr,V,ipr_V,rbf,0.32838760625093033,0.001252023428864506,0.07512140573187037,0.1
sim_par_6-p-20,150,150,300,0.25,89,0.14850878715515137,grid,ipr,V,ipr_V,rbf,0.2743907887574057,0.001388440298726967,0.08330641792361802,0.030877106084313485
sim_par_6-p-20,150,150,300,0.25,89,6.832176446914673,bootstrap_var,ipr,V,ipr_V,rbf,0.2743907887574057,0.001388440298726967,0.08330641792361802,0.030877106084313485
sim_par_6-p-20,150,150,300,0.25,89,7.148450613021851,bootstrap_mse,ipr,V,ipr_V,rbf,0.2743907887574057,0.001388440298726967,0.08330641792361802,0.030877106084313485
sim_par_6-p-20,200,200,400,0.25,89,0.015975236892700195,one_over_p,nrm,U,nrm_U,rbf,0.2409725427654281,0.0011812473246077862,0.09449978596862289,0.05
sim_par_6-p-20,200,200,400,0.25,89,0.01604771614074707,one_over_p,nrm,V,nrm_V,rbf,0.3017258079363968,0.00107236198969141,0.08578895917531279,0.05
sim_par_6-p-20,200,200,400,0.25,89,0.01577305793762207,one_over_p,ipr,U,ipr_U,rbf,0.2560252660438616,0.0011812473246077862,0.09449978596862289,0.05
sim_par_6-p-20,200,200,400,0.25,89,0.015720129013061523,one_over_p,ipr,V,ipr_V,rbf,0.2674428755349525,0.00107236198969141,0.08578895917531279,0.05
sim_par_6-p-20,200,200,400,0.25,89,0.30499792098999023,numerical,ipr,U,ipr_U,rbf,0.2530700922324023,0.00111638328776013,0.0893106630208104,0.02571817192452543
sim_par_6-p-20,200,200,400,0.25,89,0.2573213577270508,grid,ipr,U,ipr_U,rbf,0.25251096030290754,0.0011184377107303991,0.08947501685843193,0.022129912999102507
sim_par_6-p-20,200,200,400,0.25,89,11.957719087600708,bootstrap_var,ipr,U,ipr_U,rbf,0.25373302794808966,0.0011194221041998865,0.08955376833599092,0.03037216887983207
sim_par_6-p-20,200,200,400,0.25,89,12.309564113616943,bootstrap_mse,ipr,U,ipr_U,rbf,0.2519281387489697,0.0011247192922531123,0.08997754338024898,0.018702251715324827
sim_par_6-p-20,200,200,400,0.25,89,0.25637245178222656,distance,ipr,U,ipr_U,rbf,0.25373302794808966,0.0011194221041998865,0.08955376833599092,0.03037216887983207
sim_par_6-p-20,200,200,400,0.25,89,0.25513124465942383,distance,ipr,V,ipr_V,rbf,0.25167260230758504,0.001194903074125473,0.09559224593003784,0.0041252992815359185
sim_par_6-p-20,200,200,400,0.25,89,0.30813050270080566,numerical,ipr,V,ipr_V,rbf,0.26146934242846753,0.0010589387218794821,0.08471509775035857,0.033707693418933656
sim_par_6-p-20,200,200,400,0.25,89,0.25509119033813477,grid,ipr,V,ipr_V,rbf,0.26037086044103325,0.001059825115205364,0.08478600921642912,0.03037216887983207
sim_par_6-p-20,200,200,400,0.25,89,11.92862844467163,bootstrap_var,ipr,V,ipr_V,rbf,0.26037086044103325,0.001059825115205364,0.08478600921642912,0.03037216887983207
sim_par_6-p-20,200,200,400,0.25,89,12.18859601020813,bootstrap_mse,ipr,V,ipr_V,rbf,0.2566647021618745,0.001082591478083654,0.08660731824669231,0.018702251715324827
sim_par_6-p-20,250,250,500,0.25,89,0.025941848754882812,one_over_p,nrm,U,nrm_U,rbf,0.24228918297610055,0.0009164747387364792,0.09164747387364792,0.05
sim_par_6-p-20,250,250,500,0.25,89,0.024593591690063477,one_over_p,nrm,V,nrm_V,rbf,0.2914589348166005,0.0008488718739604194,0.08488718739604194,0.05
sim_par_6-p-20,250,250,500,0.25,89,0.024647235870361328,one_over_p,ipr,U,ipr_U,rbf,0.2504106382090474,0.0009164747387364792,0.09164747387364792,0.05
sim_par_6-p-20,250,250,500,0.25,89,0.024785995483398438,one_over_p,ipr,V,ipr_V,rbf,0.25970880546347236,0.0008488718739604194,0.08488718739604194,0.05
sim_par_6-p-20,250,250,500,0.25,89,0.44536638259887695,numerical,ipr,U,ipr_U,rbf,0.24753982571107436,0.0008831735062441438,0.08831735062441438,0.029185454724846918
sim_par_6-p-20,250,250,500,0.25,89,0.4094536304473877,grid,ipr,U,ipr_U,rbf,0.2476973338352325,0.000883291257398401,0.0883291257398401,0.030284842537880868
sim_par_6-p-20,250,250,500,0.25,89,18.745166778564453,bootstrap_var,ipr,U,ipr_U,rbf,0.2476973338352325,0.000883291257398401,0.0883291257398401,0.030284842537880868
sim_par_6-p-20,250,250,500,0.25,89,19.02858567237854,bootstrap_mse,ipr,U,ipr_U,rbf,0.24596240284564286,0.0008957895802130298,0.08957895802130297,0.018771481044200372
sim_par_6-p-20,250,250,500,0.25,89,0.38739848136901855,distance,ipr,U,ipr_U,rbf,0.24649345733741973,0.0008886400109717126,0.08886400109717126,0.02213579337621941
sim_par_6-p-20,250,250,500,0.25,89,0.3919999599456787,distance,ipr,V,ipr_V,rbf,0.24564875722481028,0.0009622384912242137,0.09622384912242136,0.004183410150925655
sim_par_6-p-20,250,250,500,0.25,89,0.5389785766601562,numerical,ipr,V,ipr_V,rbf,0.25530363814279033,0.000842925314505697,0.0842925314505697,0.037489207559001876
sim_par_6-p-20,250,250,500,0.25,89,0.4337806701660156,grid,ipr,V,ipr_V,rbf,0.2530767754314982,0.0008459239811895525,0.08459239811895525,0.030284842537880868
sim_par_6-p-20,250,250,500,0.25,89,18.911966562271118,bootstrap_var,ipr,V,ipr_V,rbf,0.25074252137772374,0.0008591909962406758,0.08591909962406757,0.02213579337621941
sim_par_6-p-20,250,250,500,0.25,89,19.147419929504395,bootstrap_mse,ipr,V,ipr_V,rbf,0.2530767754314982,0.0008459239811895525,0.08459239811895525,0.030284842537880868
sim_par_6-p-20,50,50,100,0.25,90,0.004224538803100586,one_over_p,nrm,U,nrm_U,rbf,0.33237140708647056,0.0041386104553537695,0.08277220910707539,0.05
sim_par_6-p-20,50,50,100,0.25,90,0.004108428955078125,one_over_p,nrm,V,nrm_V,rbf,0.45829262389716985,0.00293717633503799,0.058743526700759795,0.05
sim_par_6-p-20,50,50,100,0.25,90,0.004086017608642578,one_over_p,ipr,U,ipr_U,rbf,0.3260425393121886,0.0041386104553537695,0.08277220910707539,0.05
sim_par_6-p-20,50,50,100,0.25,90,0.003990650177001953,one_over_p,ipr,V,ipr_V,rbf,0.3515741942402496,0.00293717633503799,0.058743526700759795,0.05
sim_par_6-p-20,50,50,100,0.25,90,0.07052326202392578,numerical,ipr,U,ipr_U,rbf,0.3154839732247198,0.003895748945322757,0.07791497890645513,0.025474253796147452
sim_par_6-p-20,50,50,100,0.25,90,0.05913949012756348,grid,ipr,U,ipr_U,rbf,0.31392848204339374,0.0039007659025241895,0.07801531805048378,0.02244214680047111
sim_par_6-p-20,50,50,100,0.25,90,2.5994503498077393,bootstrap_var,ipr,U,ipr_U,rbf,0.31825766075309425,0.00391201661990205,0.078240332398041,0.031227155379044285
sim_par_6-p-20,50,50,100,0.25,90,2.580778121948242,bootstrap_mse,ipr,U,ipr_U,rbf,0.3073342048384169,0.0040296654067699,0.08059330813539799,0.010952656647590518
sim_par_6-p-20,50,50,100,0.25,90,0.05363035202026367,distance,ipr,U,ipr_U,rbf,0.3073342048384169,0.0040296654067699,0.08059330813539799,0.010952656647590518
sim_par_6-p-20,50,50,100,0.25,90,0.05376791954040527,distance,ipr,V,ipr_V,rbf,0.31101245905748875,0.0038171131096201728,0.07634226219240345,0.004671383563983387
sim_par_6-p-20,50,50,100,0.25,90,0.03494715690612793,numerical,ipr,V,ipr_V,rbf,0.4040194937785804,0.001918151762892886,0.03836303525785772,0.1
sim_par_6-p-20,50,50,100,0.25,90,0.053262948989868164,grid,ipr,V,ipr_V,rbf,0.33454932960409645,0.0031764513647530874,0.06352902729506174,0.031227155379044285
sim_par_6-p-20,50,50,100,0.25,90,2.5542893409729004,bootstrap_var,ipr,V,ipr_V,rbf,0.33454932960409645,0.0031764513647530874,0.06352902729506174,0.031227155379044285
sim_par_6-p-20,50,50,100,0.25,90,2.5882046222686768,bootstrap_mse,ipr,V,ipr_V,rbf,0.33454932960409645,0.0031764513647530874,0.06352902729506174,0.031227155379044285
sim_par_6-p-20,100,100,200,0.25,90,0.007214546203613281,one_over_p,nrm,U,nrm_U,rbf,0.3045081343250117,0.0022607405041894326,0.0904296201675773,0.05
sim_par_6-p-20,100,100,200,0.25,90,0.006407260894775391,one_over_p,nrm,V,nrm_V,rbf,0.38808472242569664,0.001876899713808361,0.07507598855233444,0.05
sim_par_6-p-20,100,100,200,0.25,90,0.006365299224853516,one_over_p,ipr,U,ipr_U,rbf,0.29746804617352085,0.0022607405041894326,0.0904296201675773,0.05
sim_par_6-p-20,100,100,200,0.25,90,0.006186962127685547,one_over_p,ipr,V,ipr_V,rbf,0.31396645261205547,0.001876899713808361,0.07507598855233444,0.05
sim_par_6-p-20,100,100,200,0.25,90,0.09780716896057129,numerical,ipr,U,ipr_U,rbf,0.2890749808045535,0.0021385086429104613,0.08554034571641844,0.026566065322064694
sim_par_6-p-20,100,100,200,0.25,90,0.08838510513305664,grid,ipr,U,ipr_U,rbf,0.2872099844587035,0.002142974942231675,0.085718997689267,0.02267749139997525
sim_par_6-p-20,100,100,200,0.25,90,4.167245864868164,bootstrap_var,ipr,U,ipr_U,rbf,0.29115864801448965,0.0021446943707775197,0.08578777483110078,0.03140261786425889
sim_par_6-p-20,100,100,200,0.25,90,4.2771992683410645,bootstrap_mse,ipr,U,ipr_U,rbf,0.29115864801448965,0.0021446943707775197,0.08578777483110078,0.03140261786425889
sim_par_6-p-20,100,100,200,0.25,90,0.09198832511901855,distance,ipr,U,ipr_U,rbf,0.2755840743541982,0.0023251451840973648,0.09300580736389459,0.005226986074342415
sim_par_6-p-20,100,100,200,0.25,90,0.08908510208129883,distance,ipr,V,ipr_V,rbf,0.2797206396794572,0.0022239850139994556,0.08895940055997822,0.004638255101819142
sim_par_6-p-20,100,100,200,0.25,90,0.04597043991088867,numerical,ipr,V,ipr_V,rbf,0.3561739482524482,0.0016686916577789538,0.06674766631115815,0.1
sim_par_6-p-20,100,100,200,0.25,90,0.09053254127502441,grid,ipr,V,ipr_V,rbf,0.30124428312760565,0.0019176854355921103,0.07670741742368441,0.03140261786425889
sim_par_6-p-20,100,100,200,0.25,90,4.252855539321899,bootstrap_var,ipr,V,ipr_V,rbf,0.30124428312760565,0.0019176854355921103,0.07670741742368441,0.03140261786425889
sim_par_6-p-20,100,100,200,0.25,90,4.270531892776489,bootstrap_mse,ipr,V,ipr_V,rbf,0.30124428312760565,0.0019176854355921103,0.07670741742368441,0.03140261786425889
sim_par_6-p-20,150,150,300,0.25,90,0.010464668273925781,one_over_p,nrm,U,nrm_U,rbf,0.30973028885613507,0.0014423160594494305,0.08653896356696583,0.05
sim_par_6-p-20,150,150,300,0.25,90,0.010493993759155273,one_over_p,nrm,V,nrm_V,rbf,0.3675045814602152,0.0012734547861588637,0.07640728716953182,0.05
sim_par_6-p-20,150,150,300,0.25,90,0.010316848754882812,one_over_p,ipr,U,ipr_U,rbf,0.2971274818361771,0.0014423160594494305,0.08653896356696583,0.05
sim_par_6-p-20,150,150,300,0.25,90,0.010348796844482422,one_over_p,ipr,V,ipr_V,rbf,0.3083591216427252,0.0012734547861588637,0.07640728716953182,0.05
sim_par_6-p-20,150,150,300,0.25,90,0.16633009910583496,numerical,ipr,U,ipr_U,rbf,0.29313942439367335,0.001364124058548101,0.08184744351288606,0.02583894589065099
sim_par_6-p-20,150,150,300,0.25,90,0.15157079696655273,grid,ipr,U,ipr_U,rbf,0.29269692753738163,0.001365883940853597,0.08195303645121582,0.022703557360741113
sim_par_6-p-20,150,150,300,0.25,90,6.8382275104522705,bootstrap_var,ipr,U,ipr_U,rbf,0.29218101694509646,0.001372867459044691,0.08237204754268146,0.01903396464231673
sim_par_6-p-20,150,150,300,0.25,90,7.130022287368774,bootstrap_mse,ipr,U,ipr_U,rbf,0.29218101694509646,0.001372867459044691,0.08237204754268146,0.01903396464231673
sim_par_6-p-20,150,150,300,0.25,90,0.15863800048828125,distance,ipr,U,ipr_U,rbf,0.28974952802082443,0.0014775819071828759,0.08865491443097255,0.004423437243328402
sim_par_6-p-20,150,150,300,0.25,90,0.165449857711792,distance,ipr,V,ipr_V,rbf,0.2924792261877359,0.001431650941638055,0.0858990564982833,0.004423437243328402
sim_par_6-p-20,150,150,300,0.25,90,0.17414188385009766,numerical,ipr,V,ipr_V,rbf,0.3033909889823517,0.0012680803440401035,0.07608482064240621,0.038954105871533126
sim_par_6-p-20,150,150,300,0.25,90,0.16170740127563477,grid,ipr,V,ipr_V,rbf,0.30066861130758477,0.001271683806969362,0.07630102841816172,0.03174840418909602
sim_par_6-p-20,150,150,300,0.25,90,6.86234712600708,bootstrap_var,ipr,V,ipr_V,rbf,0.30066861130758477,0.001271683806969362,0.07630102841816172,0.03174840418909602
sim_par_6-p-20,150,150,300,0.25,90,7.003098487854004,bootstrap_mse,ipr,V,ipr_V,rbf,0.29665409015280897,0.0013052002020506354,0.07831201212303812,0.01903396464231673
sim_par_6-p-20,200,200,400,0.25,90,0.015515804290771484,one_over_p,nrm,U,nrm_U,rbf,0.31454946454905236,0.001081982084601774,0.08655856676814191,0.05
sim_par_6-p-20,200,200,400,0.25,90,0.015573978424072266,one_over_p,nrm,V,nrm_V,rbf,0.35972707177082003,0.000982444991618353,0.07859559932946823,0.05
sim_par_6-p-20,200,200,400,0.25,90,0.015493392944335938,one_over_p,ipr,U,ipr_U,rbf,0.3013634456986347,0.001081982084601774,0.08655856676814191,0.05
sim_par_6-p-20,200,200,400,0.25,90,0.015735149383544922,one_over_p,ipr,V,ipr_V,rbf,0.3099909026956735,0.000982444991618353,0.07859559932946823,0.05
sim_par_6-p-20,200,200,400,0.25,90,0.2692990303039551,numerical,ipr,U,ipr_U,rbf,0.29777855551878063,0.00103517194299298,0.08281375543943839,0.02839695457083796
sim_par_6-p-20,200,200,400,0.25,90,0.25135350227355957,grid,ipr,U,ipr_U,rbf,0.2982601291366233,0.0010366524335533992,0.08293219468427193,0.031914120762468516
sim_par_6-p-20,200,200,400,0.25,90,11.776845455169678,bootstrap_var,ipr,U,ipr_U,rbf,0.2982601291366233,0.0010366524335533992,0.08293219468427193,0.031914120762468516
sim_par_6-p-20,200,200,400,0.25,90,12.033086061477661,bootstrap_mse,ipr,U,ipr_U,rbf,0.2956270448392664,0.0011199906187557332,0.08959924950045865,0.006464766407195349
sim_par_6-p-20,200,200,400,0.25,90,0.26059532165527344,distance,ipr,U,ipr_U,rbf,0.2954705131133525,0.0011417727518902839,0.0913418201512227,0.004351441684763597
sim_par_6-p-20,200,200,400,0.25,90,0.2539496421813965,distance,ipr,V,ipr_V,rbf,0.29758861662675073,0.0011139938058387802,0.08911950446710241,0.004351441684763597
sim_par_6-p-20,200,200,400,0.25,90,0.30620241165161133,numerical,ipr,V,ipr_V,rbf,0.3053975915650495,0.0009755949447311145,0.07804759557848916,0.03806255143571127
sim_par_6-p-20,200,200,400,0.25,90,0.2502613067626953,grid,ipr,V,ipr_V,rbf,0.3034370429995993,0.0009781472271716456,0.07825177817373165,0.031914120762468516
sim_par_6-p-20,200,200,400,0.25,90,12.376375913619995,bootstrap_var,ipr,V,ipr_V,rbf,0.3034370429995993,0.0009781472271716456,0.07825177817373165,0.031914120762468516
sim_par_6-p-20,200,200,400,0.25,90,12.548262357711792,bootstrap_mse,ipr,V,ipr_V,rbf,0.3034370429995993,0.0009781472271716456,0.07825177817373165,0.031914120762468516
sim_par_6-p-20,250,250,500,0.25,90,0.028644561767578125,one_over_p,nrm,U,nrm_U,rbf,0.2971129679346535,0.0008378784913211175,0.08378784913211175,0.05
sim_par_6-p-20,250,250,500,0.25,90,0.026566267013549805,one_over_p,nrm,V,nrm_V,rbf,0.33538529017658775,0.0007775559190363805,0.07775559190363805,0.05
sim_par_6-p-20,250,250,500,0.25,90,0.02618265151977539,one_over_p,ipr,U,ipr_U,rbf,0.2908871284224747,0.0008378784913211175,0.08378784913211175,0.05
sim_par_6-p-20,250,250,500,0.25,90,0.026239871978759766,one_over_p,ipr,V,ipr_V,rbf,0.2980800785180924,0.0007775559190363805,0.07775559190363805,0.05
sim_par_6-p-20,250,250,500,0.25,90,0.45428919792175293,numerical,ipr,U,ipr_U,rbf,0.28934273989112347,0.0008108867389075361,0.08108867389075361,0.03055063444149058
sim_par_6-p-20,250,250,500,0.25,90,0.43142008781433105,grid,ipr,U,ipr_U,rbf,0.28938732253406374,0.0008109698587722604,0.08109698587722604,0.031538359334992355
sim_par_6-p-20,250,250,500,0.25,90,19.03412652015686,bootstrap_var,ipr,U,ipr_U,rbf,0.28938732253406374,0.0008109698587722604,0.08109698587722604,0.031538359334992355
sim_par_6-p-20,250,250,500,0.25,90,18.929144620895386,bootstrap_mse,ipr,U,ipr_U,rbf,0.2894739366066308,0.0008543812445399241,0.0854381244539924,0.011015045096435583
sim_par_6-p-20,250,250,500,0.25,90,0.419126033782959,distance,ipr,U,ipr_U,rbf,0.2900508290788628,0.0009001146187026982,0.09001146187026982,0.004340547077499793
sim_par_6-p-20,250,250,500,0.25,90,0.40575551986694336,distance,ipr,V,ipr_V,rbf,0.29180000465936434,0.0008831993237419901,0.08831993237419901,0.004340547077499793
sim_par_6-p-20,250,250,500,0.25,90,0.42604923248291016,numerical,ipr,V,ipr_V,rbf,0.29513825049743303,0.0007728129231016335,0.07728129231016335,0.03901995868896834
sim_par_6-p-20,250,250,500,0.25,90,0.39466309547424316,grid,ipr,V,ipr_V,rbf,0.29362631822487084,0.0007757979412518793,0.07757979412518794,0.031538359334992355
sim_par_6-p-20,250,250,500,0.25,90,21.040990591049194,bootstrap_var,ipr,V,ipr_V,rbf,0.29362631822487084,0.0007757979412518793,0.07757979412518794,0.031538359334992355
sim_par_6-p-20,250,250,500,0.25,90,22.236685037612915,bootstrap_mse,ipr,V,ipr_V,rbf,0.29362631822487084,0.0007757979412518793,0.07757979412518794,0.031538359334992355
sim_par_6-p-20,50,50,100,0.25,91,0.004674434661865234,one_over_p,nrm,U,nrm_U,rbf,0.12273659552520437,0.005145805928689003,0.10291611857378005,0.05
sim_par_6-p-20,50,50,100,0.25,91,0.004230976104736328,one_over_p,nrm,V,nrm_V,rbf,0.36904142843648513,0.003616603022685509,0.07233206045371018,0.05
sim_par_6-p-20,50,50,100,0.25,91,0.004274606704711914,one_over_p,ipr,U,ipr_U,rbf,0.1757574713387321,0.005145805928689003,0.10291611857378005,0.05
sim_par_6-p-20,50,50,100,0.25,91,0.004222869873046875,one_over_p,ipr,V,ipr_V,rbf,0.22877068953538554,0.003616603022685509,0.07233206045371018,0.05
sim_par_6-p-20,50,50,100,0.25,91,0.057394981384277344,numerical,ipr,U,ipr_U,rbf,0.1728478140767586,0.005107575763498205,0.10215151526996409,0.039178788207081476
sim_par_6-p-20,50,50,100,0.25,91,0.06351542472839355,grid,ipr,U,ipr_U,rbf,0.17106056042454504,0.0051245205009678415,0.10249041001935683,0.032805573379823365
sim_par_6-p-20,50,50,100,0.25,91,2.859539747238159,bootstrap_var,ipr,U,ipr_U,rbf,0.17106056042454504,0.0051245205009678415,0.10249041001935683,0.032805573379823365
sim_par_6-p-20,50,50,100,0.25,91,2.969000816345215,bootstrap_mse,ipr,U,ipr_U,rbf,0.1672614924610329,0.005305823175651446,0.1061164635130289,0.019699201992846756
sim_par_6-p-20,50,50,100,0.25,91,0.06240391731262207,distance,ipr,U,ipr_U,rbf,0.17106056042454504,0.0051245205009678415,0.10249041001935683,0.032805573379823365
sim_par_6-p-20,50,50,100,0.25,91,0.062055349349975586,distance,ipr,V,ipr_V,rbf,0.18011104228595648,0.005402900615262993,0.10805801230525985,0.004489036479149211
sim_par_6-p-20,50,50,100,0.25,91,0.0317387580871582,numerical,ipr,V,ipr_V,rbf,0.31393775744799235,0.0020671271977581386,0.04134254395516277,0.1
sim_par_6-p-20,50,50,100,0.25,91,0.061746835708618164,grid,ipr,V,ipr_V,rbf,0.20693926166454774,0.0040895134758058,0.081790269516116,0.032805573379823365
sim_par_6-p-20,50,50,100,0.25,91,2.794656276702881,bootstrap_var,ipr,V,ipr_V,rbf,0.20693926166454774,0.0040895134758058,0.081790269516116,0.032805573379823365
sim_par_6-p-20,50,50,100,0.25,91,2.872424840927124,bootstrap_mse,ipr,V,ipr_V,rbf,0.20693926166454774,0.0040895134758058,0.081790269516116,0.032805573379823365
sim_par_6-p-20,100,100,200,0.25,91,0.00890970230102539,one_over_p,nrm,U,nrm_U,rbf,0.286005743202143,0.0018101172252730936,0.07240468901092374,0.05
sim_par_6-p-20,100,100,200,0.25,91,0.007690906524658203,one_over_p,nrm,V,nrm_V,rbf,0.36604052217775973,0.0015409797065898772,0.06163918826359508,0.05
sim_par_6-p-20,100,100,200,0.25,91,0.00829005241394043,one_over_p,ipr,U,ipr_U,rbf,0.2898822207572903,0.0018101172252730936,0.07240468901092374,0.05
sim_par_6-p-20,100,100,200,0.25,91,0.008180618286132812,one_over_p,ipr,V,ipr_V,rbf,0.30594574988705897,0.0015409797065898772,0.06163918826359508,0.05
sim_par_6-p-20,100,100,200,0.25,91,0.12005925178527832,numerical,ipr,U,ipr_U,rbf,0.29109491722129566,0.0017503298089179787,0.07001319235671914,0.031362636163861965
sim_par_6-p-20,100,100,200,0.25,91,0.11193180084228516,grid,ipr,U,ipr_U,rbf,0.29111057758155706,0.0017504950189352838,0.07001980075741135,0.030485447428627785
sim_par_6-p-20,100,100,200,0.25,91,4.761417627334595,bootstrap_var,ipr,U,ipr_U,rbf,0.28843693980053653,0.001978609483038446,0.07914437932153784,0.004501273825088014
sim_par_6-p-20,100,100,200,0.25,91,4.764413833618164,bootstrap_mse,ipr,U,ipr_U,rbf,0.29111057758155706,0.0017504950189352838,0.07001980075741135,0.030485447428627785
sim_par_6-p-20,100,100,200,0.25,91,0.10304069519042969,distance,ipr,U,ipr_U,rbf,0.29111057758155706,0.0017504950189352838,0.07001980075741135,0.030485447428627785
sim_par_6-p-20,100,100,200,0.25,91,0.10096001625061035,distance,ipr,V,ipr_V,rbf,0.2928630118841762,0.0018972337040235804,0.07588934816094321,0.004501273825088014
sim_par_6-p-20,100,100,200,0.25,91,0.0519566535949707,numerical,ipr,V,ipr_V,rbf,0.3342177918412108,0.0013317339935840422,0.05326935974336169,0.1
sim_par_6-p-20,100,100,200,0.25,91,0.1022341251373291,grid,ipr,V,ipr_V,rbf,0.3005244205149912,0.0015948627588420784,0.06379451035368314,0.030485447428627785
sim_par_6-p-20,100,100,200,0.25,91,4.753377676010132,bootstrap_var,ipr,V,ipr_V,rbf,0.3005244205149912,0.0015948627588420784,0.06379451035368314,0.030485447428627785
sim_par_6-p-20,100,100,200,0.25,91,4.992871046066284,bootstrap_mse,ipr,V,ipr_V,rbf,0.3005244205149912,0.0015948627588420784,0.06379451035368314,0.030485447428627785
sim_par_6-p-20,150,150,300,0.25,91,0.016058921813964844,one_over_p,nrm,U,nrm_U,rbf,0.2410791662443228,0.001289897429565547,0.07739384577393281,0.05
sim_par_6-p-20,150,150,300,0.25,91,0.013144254684448242,one_over_p,nrm,V,nrm_V,rbf,0.3112204741370559,0.0011503534626281292,0.06902120775768775,0.05
sim_par_6-p-20,150,150,300,0.25,91,0.013992786407470703,one_over_p,ipr,U,ipr_U,rbf,0.25040665343402,0.001289897429565547,0.07739384577393281,0.05
sim_par_6-p-20,150,150,300,0.25,91,0.012784242630004883,one_over_p,ipr,V,ipr_V,rbf,0.2640834423484346,0.0011503534626281292,0.06902120775768775,0.05
sim_par_6-p-20,150,150,300,0.25,91,0.20559430122375488,numerical,ipr,U,ipr_U,rbf,0.25357766108548413,0.0012271313235499859,0.07362787941299916,0.028561832548253674
sim_par_6-p-20,150,150,300,0.25,91,0.19154024124145508,grid,ipr,U,ipr_U,rbf,0.2533587715366036,0.0012277183930057163,0.07366310358034298,0.030424459391359328
sim_par_6-p-20,150,150,300,0.25,91,7.821527719497681,bootstrap_var,ipr,U,ipr_U,rbf,0.254586236797129,0.001269499542149513,0.07616997252897079,0.0143858302118555
sim_par_6-p-20,150,150,300,0.25,91,8.125017404556274,bootstrap_mse,ipr,U,ipr_U,rbf,0.254586236797129,0.001269499542149513,0.07616997252897079,0.0143858302118555
sim_par_6-p-20,150,150,300,0.25,91,0.1764986515045166,distance,ipr,U,ipr_U,rbf,0.2533587715366036,0.0012277183930057163,0.07366310358034298,0.030424459391359328
sim_par_6-p-20,150,150,300,0.25,91,0.17518091201782227,distance,ipr,V,ipr_V,rbf,0.2576439406933074,0.00133449078662857,0.08006944719771421,0.004337965120915628
sim_par_6-p-20,150,150,300,0.25,91,0.19132637977600098,numerical,ipr,V,ipr_V,rbf,0.262195378225104,0.001143893134079753,0.06863358804478517,0.03909836820605592
sim_par_6-p-20,150,150,300,0.25,91,0.17635798454284668,grid,ipr,V,ipr_V,rbf,0.2611163241836014,0.0011504632242268333,0.06902779345361,0.030424459391359328
sim_par_6-p-20,150,150,300,0.25,91,8.108142852783203,bootstrap_var,ipr,V,ipr_V,rbf,0.2611163241836014,0.0011504632242268333,0.06902779345361,0.030424459391359328
sim_par_6-p-20,150,150,300,0.25,91,10.087991952896118,bootstrap_mse,ipr,V,ipr_V,rbf,0.25984602017223535,0.001191043241334916,0.07146259448009495,0.018725398532245013
